parameter_id;parameter;unit_of_measure;description
1;id;;Component identifer in the data base.
2;data_quiality;;Data quality of source (data, estimate, rough estimate). Estimates should be considered rough approximations useful fo initial analysis. Follow-up experimental determination is recommended.
3;formula;;Component chemical formula.
4;name;;Component name.
5;molar_weight;g/mol;Component molar weight.
6;boiling_temperature;K;Component boiling temperature.
7;critical_temperature;K;Component critical temperature.
8;critical_pressure;bar;Component critical pressure.
9;critical_volume;ml/mol;Component critical volume.
10;critical_density;g/ml;Component critical density.
11;critical_compressibility_factor;;Component critical compressibility factor.
12;acentric_factor;;Component acentric factor.