-- MariaDB dump 10.17  Distrib 10.4.15-MariaDB, for Linux (x86_64)
--
-- Host: mysql.hostinger.ro    Database: u574849695_25
-- ------------------------------------------------------
-- Server version	10.4.15-MariaDB-cll-lve

/*!40101 SET @OLD_CHARACTER_SET_CLIENT=@@CHARACTER_SET_CLIENT */;
/*!40101 SET @OLD_CHARACTER_SET_RESULTS=@@CHARACTER_SET_RESULTS */;
/*!40101 SET @OLD_COLLATION_CONNECTION=@@COLLATION_CONNECTION */;
/*!40101 SET NAMES utf8mb4 */;
/*!40103 SET @OLD_TIME_ZONE=@@TIME_ZONE */;
/*!40103 SET TIME_ZONE='+00:00' */;
/*!40014 SET @OLD_UNIQUE_CHECKS=@@UNIQUE_CHECKS, UNIQUE_CHECKS=0 */;
/*!40014 SET @OLD_FOREIGN_KEY_CHECKS=@@FOREIGN_KEY_CHECKS, FOREIGN_KEY_CHECKS=0 */;
/*!40101 SET @OLD_SQL_MODE=@@SQL_MODE, SQL_MODE='NO_AUTO_VALUE_ON_ZERO' */;
/*!40111 SET @OLD_SQL_NOTES=@@SQL_NOTES, SQL_NOTES=0 */;

--
-- Table structure for table `communities`
--

DROP TABLE IF EXISTS `communities`;
/*!40101 SET @saved_cs_client     = @@character_set_client */;
/*!40101 SET character_set_client = utf8 */;
CREATE TABLE `communities` (
  `id` bigint(20) unsigned NOT NULL AUTO_INCREMENT,
  `name` varchar(150) COLLATE utf8mb4_unicode_ci DEFAULT NULL,
  `admin_user_id` bigint(20) unsigned NOT NULL,
  UNIQUE KEY `id` (`id`),
  KEY `communities_name_idx` (`name`),
  KEY `admin_user_id` (`admin_user_id`),
  CONSTRAINT `communities_ibfk_1` FOREIGN KEY (`admin_user_id`) REFERENCES `users` (`id`)
) ENGINE=InnoDB AUTO_INCREMENT=101 DEFAULT CHARSET=utf8mb4 COLLATE=utf8mb4_unicode_ci;
/*!40101 SET character_set_client = @saved_cs_client */;

--
-- Dumping data for table `communities`
--

LOCK TABLES `communities` WRITE;
/*!40000 ALTER TABLE `communities` DISABLE KEYS */;
INSERT INTO `communities` VALUES (1,'atque',1),(2,'numquam',2),(3,'quos',3),(4,'ullam',4),(5,'ut',5),(6,'molestiae',6),(7,'voluptatum',7),(8,'qui',8),(9,'enim',9),(10,'ut',10),(11,'animi',11),(12,'vitae',12),(13,'iusto',13),(14,'aut',14),(15,'odio',15),(16,'est',16),(17,'sequi',17),(18,'nemo',18),(19,'consequatur',19),(20,'quod',20),(21,'perferendis',21),(22,'placeat',22),(23,'eligendi',23),(24,'beatae',24),(25,'repellat',25),(26,'rerum',26),(27,'aut',27),(28,'deserunt',28),(29,'expedita',29),(30,'sint',30),(31,'eveniet',31),(32,'minus',32),(33,'aut',33),(34,'repudiandae',34),(35,'sit',35),(36,'aut',36),(37,'ad',37),(38,'magni',38),(39,'architecto',39),(40,'culpa',40),(41,'doloremque',41),(42,'ipsum',42),(43,'dolores',43),(44,'error',44),(45,'magni',45),(46,'consequatur',46),(47,'laudantium',47),(48,'vero',48),(49,'velit',49),(50,'earum',50),(51,'ullam',51),(52,'dolor',52),(53,'magnam',53),(54,'dolor',54),(55,'eos',55),(56,'voluptatem',56),(57,'delectus',57),(58,'sed',58),(59,'a',59),(60,'omnis',60),(61,'possimus',61),(62,'earum',62),(63,'nulla',63),(64,'quos',64),(65,'harum',65),(66,'sed',66),(67,'cupiditate',67),(68,'recusandae',68),(69,'sapiente',69),(70,'ut',70),(71,'tempore',71),(72,'et',72),(73,'quia',73),(74,'quia',74),(75,'non',75),(76,'perferendis',76),(77,'voluptatem',77),(78,'nam',78),(79,'asperiores',79),(80,'distinctio',80),(81,'sapiente',81),(82,'est',82),(83,'repudiandae',83),(84,'vel',84),(85,'dolorum',85),(86,'ex',86),(87,'sit',87),(88,'fugiat',88),(89,'saepe',89),(90,'sed',90),(91,'qui',91),(92,'inventore',92),(93,'sint',93),(94,'eaque',94),(95,'architecto',95),(96,'aut',96),(97,'ut',97),(98,'commodi',98),(99,'illum',99),(100,'impedit',100);
/*!40000 ALTER TABLE `communities` ENABLE KEYS */;
UNLOCK TABLES;

--
-- Table structure for table `friend_requests`
--

DROP TABLE IF EXISTS `friend_requests`;
/*!40101 SET @saved_cs_client     = @@character_set_client */;
/*!40101 SET character_set_client = utf8 */;
CREATE TABLE `friend_requests` (
  `initiator_user_id` bigint(20) unsigned NOT NULL,
  `target_user_id` bigint(20) unsigned NOT NULL,
  `status` enum('requested','approved','declined','unfriended') COLLATE utf8mb4_unicode_ci DEFAULT NULL,
  `requested_at` datetime DEFAULT current_timestamp(),
  `updated_at` datetime DEFAULT NULL ON UPDATE current_timestamp(),
  PRIMARY KEY (`initiator_user_id`,`target_user_id`),
  KEY `target_user_id` (`target_user_id`),
  CONSTRAINT `friend_requests_ibfk_1` FOREIGN KEY (`initiator_user_id`) REFERENCES `users` (`id`),
  CONSTRAINT `friend_requests_ibfk_2` FOREIGN KEY (`target_user_id`) REFERENCES `users` (`id`)
) ENGINE=InnoDB DEFAULT CHARSET=utf8mb4 COLLATE=utf8mb4_unicode_ci;
/*!40101 SET character_set_client = @saved_cs_client */;

--
-- Dumping data for table `friend_requests`
--

LOCK TABLES `friend_requests` WRITE;
/*!40000 ALTER TABLE `friend_requests` DISABLE KEYS */;
INSERT INTO `friend_requests` VALUES (1,1,'unfriended','2001-02-02 14:31:42','1972-01-12 00:00:05'),(2,2,'approved','1995-08-26 03:46:49','1985-10-25 01:07:07'),(3,3,'unfriended','1999-12-10 19:34:53','1983-05-10 14:51:04'),(4,4,'approved','2001-03-26 16:19:20','1985-02-02 19:57:03'),(5,5,'requested','2017-12-20 21:25:17','2009-04-23 13:42:33'),(6,6,'approved','2020-06-19 09:25:06','1988-01-27 03:33:56'),(7,7,'requested','1992-02-25 06:52:17','2002-04-23 22:23:42'),(8,8,'declined','1998-05-28 00:25:31','1997-02-11 19:18:39'),(9,9,'approved','1976-01-27 20:59:07','1984-11-18 00:46:56'),(10,10,'declined','1971-01-19 03:28:15','1982-09-13 03:34:52'),(11,11,'approved','1973-09-06 10:51:21','2017-12-22 04:05:46'),(12,12,'approved','2015-04-06 21:09:18','2016-05-01 01:52:30'),(13,13,'requested','1981-08-12 18:29:07','1986-09-25 11:53:34'),(14,14,'requested','2016-01-07 05:28:38','1978-03-08 00:31:11'),(15,15,'unfriended','1988-01-28 12:24:11','1998-04-18 04:15:04'),(16,16,'unfriended','1982-06-18 04:12:00','1987-06-04 13:54:06'),(17,17,'unfriended','2002-04-16 03:26:56','1976-08-24 21:23:55'),(18,18,'requested','2008-07-12 11:35:15','1979-03-03 03:32:46'),(19,19,'unfriended','2016-01-13 00:51:39','1988-03-28 04:54:20'),(20,20,'declined','2016-01-22 04:30:09','2019-12-24 04:52:50'),(21,21,'unfriended','1985-12-24 01:25:36','1989-02-07 07:19:11'),(22,22,'declined','2011-08-11 05:21:32','2003-01-29 19:27:18'),(23,23,'requested','1993-06-16 20:29:57','2005-05-29 18:14:27'),(24,24,'approved','1970-04-19 06:13:12','1982-05-14 18:28:31'),(25,25,'unfriended','1988-02-29 21:48:12','1989-05-28 03:49:28'),(26,26,'declined','1993-07-15 20:35:49','1995-06-07 05:01:19'),(27,27,'declined','1998-04-20 21:58:12','1983-12-30 20:32:52'),(28,28,'approved','1971-04-30 12:29:42','1993-09-14 21:28:14'),(29,29,'requested','2015-09-25 08:23:33','1993-02-08 21:23:39'),(30,30,'unfriended','1991-07-21 23:59:32','2005-11-14 14:45:04'),(31,31,'requested','2012-11-28 07:06:38','2017-11-02 01:35:14'),(32,32,'unfriended','2015-02-24 10:56:50','1985-01-01 11:46:30'),(33,33,'unfriended','1992-12-20 23:42:30','1987-04-21 17:22:44'),(34,34,'declined','1990-01-11 08:41:11','1991-06-23 18:01:20'),(35,35,'approved','2018-11-22 10:44:29','1973-10-24 03:02:53'),(36,36,'requested','1996-09-16 19:15:33','2005-12-23 15:22:37'),(37,37,'declined','2006-05-22 20:45:39','2009-06-04 04:14:19'),(38,38,'approved','1972-06-08 08:28:54','1997-05-23 20:00:10'),(39,39,'approved','2010-09-04 06:32:37','2016-02-29 11:12:30'),(40,40,'approved','1987-09-29 01:02:01','2018-09-29 12:58:50'),(41,41,'declined','2002-03-05 06:39:34','2018-03-04 22:22:28'),(42,42,'requested','2015-10-17 01:27:34','1982-10-31 12:35:52'),(43,43,'declined','1998-01-26 12:21:35','1989-10-18 21:22:18'),(44,44,'declined','1996-11-29 12:05:09','2006-05-16 05:01:51'),(45,45,'declined','1975-06-19 10:09:36','2003-01-16 14:59:43'),(46,46,'approved','1999-07-27 18:29:27','1975-03-17 22:06:57'),(47,47,'unfriended','2011-02-14 05:25:58','2009-05-29 04:48:37'),(48,48,'approved','2019-06-22 09:34:48','2009-08-17 04:16:50'),(49,49,'declined','1988-10-21 02:36:08','1985-05-04 12:34:20'),(50,50,'unfriended','2019-10-02 06:26:50','2011-01-14 20:01:57'),(51,51,'declined','2005-03-17 23:59:47','2002-06-23 04:42:54'),(52,52,'requested','2014-12-06 11:15:26','2018-09-08 21:59:12'),(53,53,'approved','2000-05-06 23:45:40','2007-12-04 13:41:58'),(54,54,'approved','1984-01-26 19:37:50','1985-06-24 11:05:45'),(55,55,'requested','1984-08-03 06:02:41','1974-04-29 03:48:32'),(56,56,'requested','2005-07-20 13:40:34','2011-08-22 20:48:41'),(57,57,'unfriended','1972-02-20 08:39:57','2017-03-18 00:54:57'),(58,58,'declined','1972-02-16 06:36:54','1998-10-05 06:20:06'),(59,59,'unfriended','2003-05-27 12:39:37','2005-09-26 09:34:50'),(60,60,'requested','1978-12-02 03:25:11','2010-01-30 07:50:06'),(61,61,'unfriended','1977-12-14 16:55:26','2011-10-12 23:56:16'),(62,62,'unfriended','2021-02-06 16:27:18','1977-10-07 23:57:23'),(63,63,'unfriended','1989-05-13 00:08:07','2010-08-08 03:11:40'),(64,64,'declined','1989-05-10 11:42:41','1974-05-25 01:00:18'),(65,65,'declined','2020-03-17 03:58:27','1981-04-26 17:33:05'),(66,66,'declined','1993-02-13 01:12:58','2014-11-21 06:12:26'),(67,67,'approved','1985-09-13 23:35:52','1983-11-28 14:36:07'),(68,68,'approved','1975-11-20 00:08:30','2017-12-15 17:29:54'),(69,69,'declined','2000-05-02 03:06:31','1993-09-11 09:01:38'),(70,70,'requested','1992-10-07 00:02:50','2010-03-09 13:46:44'),(71,71,'declined','2015-01-20 18:07:17','2012-02-24 00:25:39'),(72,72,'unfriended','2006-12-30 14:54:46','2001-11-06 01:36:13'),(73,73,'unfriended','1999-02-25 06:45:21','2007-02-22 04:33:35'),(74,74,'requested','1989-01-26 08:12:28','2001-02-19 05:54:45'),(75,75,'unfriended','2008-06-16 19:50:08','2018-04-20 04:36:41'),(76,76,'approved','1996-07-18 13:50:11','1989-07-29 08:22:16'),(77,77,'declined','1974-09-24 18:39:00','2007-04-09 14:15:15'),(78,78,'unfriended','1989-07-07 02:03:03','1993-07-10 22:17:36'),(79,79,'unfriended','1993-05-20 01:31:39','2014-02-18 05:04:50'),(80,80,'requested','1995-01-05 13:09:12','1999-06-12 00:29:15'),(81,81,'approved','2003-10-15 23:46:51','1978-04-01 17:08:36'),(82,82,'approved','1970-11-17 23:01:06','1989-08-19 10:34:33'),(83,83,'requested','1995-07-08 06:07:06','2013-11-20 15:38:05'),(84,84,'requested','1987-07-14 12:13:44','1973-08-09 16:28:33'),(85,85,'approved','1979-11-30 10:36:12','1992-01-15 08:52:07'),(86,86,'requested','2019-07-19 05:52:55','1997-07-28 00:53:55'),(87,87,'requested','1987-10-10 19:57:47','1983-02-01 13:05:42'),(88,88,'requested','2009-10-28 19:04:15','1986-07-31 16:49:43'),(89,89,'declined','2003-10-18 06:43:32','1989-08-02 21:48:57'),(90,90,'declined','1988-01-30 03:32:45','1981-08-30 00:38:00'),(91,91,'requested','1976-05-29 19:16:12','2017-06-11 05:08:46'),(92,92,'approved','2008-03-01 13:33:49','1990-03-14 20:28:10'),(93,93,'requested','2019-03-06 07:18:36','1985-03-08 15:08:32'),(94,94,'approved','1985-04-17 12:12:58','1972-10-25 19:23:19'),(95,95,'unfriended','1980-06-27 18:40:14','2018-12-23 11:33:58'),(96,96,'unfriended','1976-05-12 06:58:37','2006-09-09 12:04:53'),(97,97,'approved','1978-02-01 03:17:57','2009-08-31 01:40:14'),(98,98,'declined','1978-08-14 12:28:09','1980-05-26 22:28:16'),(99,99,'unfriended','1984-03-11 04:26:34','2008-03-20 04:05:36'),(100,100,'declined','2019-12-11 22:54:43','1975-06-22 02:39:44');
/*!40000 ALTER TABLE `friend_requests` ENABLE KEYS */;
UNLOCK TABLES;

--
-- Table structure for table `likes`
--

DROP TABLE IF EXISTS `likes`;
/*!40101 SET @saved_cs_client     = @@character_set_client */;
/*!40101 SET character_set_client = utf8 */;
CREATE TABLE `likes` (
  `id` bigint(20) unsigned NOT NULL AUTO_INCREMENT,
  `user_id` bigint(20) unsigned NOT NULL,
  `media_id` bigint(20) unsigned NOT NULL,
  `created_at` datetime DEFAULT current_timestamp(),
  UNIQUE KEY `id` (`id`)
) ENGINE=InnoDB AUTO_INCREMENT=101 DEFAULT CHARSET=utf8mb4 COLLATE=utf8mb4_unicode_ci;
/*!40101 SET character_set_client = @saved_cs_client */;

--
-- Dumping data for table `likes`
--

LOCK TABLES `likes` WRITE;
/*!40000 ALTER TABLE `likes` DISABLE KEYS */;
INSERT INTO `likes` VALUES (1,1,1,'2007-08-27 02:30:34'),(2,2,2,'2020-10-28 13:42:23'),(3,3,3,'1976-04-19 18:24:45'),(4,4,4,'1988-03-15 21:42:43'),(5,5,5,'1989-03-06 12:42:26'),(6,6,6,'2014-08-28 03:14:03'),(7,7,7,'2006-08-20 22:28:20'),(8,8,8,'2019-11-08 10:15:13'),(9,9,9,'1986-01-27 03:31:36'),(10,10,10,'2008-01-31 22:28:29'),(11,11,11,'2021-02-12 18:21:07'),(12,12,12,'2006-12-05 20:42:09'),(13,13,13,'1982-10-23 08:59:53'),(14,14,14,'2015-01-07 07:13:22'),(15,15,15,'2018-12-09 12:13:00'),(16,16,16,'1999-12-29 07:02:09'),(17,17,17,'2003-05-25 17:17:07'),(18,18,18,'1988-04-30 01:26:19'),(19,19,19,'1976-01-24 00:19:32'),(20,20,20,'2013-07-21 11:32:04'),(21,21,21,'2008-03-23 05:54:10'),(22,22,22,'2004-06-30 15:32:02'),(23,23,23,'2008-02-28 10:17:32'),(24,24,24,'2018-04-18 04:09:32'),(25,25,25,'1998-05-03 11:55:02'),(26,26,26,'1989-03-05 22:18:14'),(27,27,27,'2001-04-20 15:58:30'),(28,28,28,'2012-02-13 17:03:23'),(29,29,29,'2014-09-10 01:31:07'),(30,30,30,'2017-03-03 03:36:50'),(31,31,31,'1979-10-11 03:09:58'),(32,32,32,'1981-09-13 00:42:31'),(33,33,33,'1981-10-30 01:08:06'),(34,34,34,'1988-03-26 19:35:17'),(35,35,35,'1993-11-15 11:47:04'),(36,36,36,'1981-06-26 00:58:16'),(37,37,37,'1987-01-27 11:00:55'),(38,38,38,'1981-09-29 06:47:47'),(39,39,39,'2002-04-10 23:38:17'),(40,40,40,'2003-10-08 19:15:34'),(41,41,41,'2005-10-02 16:10:26'),(42,42,42,'2007-06-23 14:25:26'),(43,43,43,'2015-09-14 03:00:02'),(44,44,44,'1984-06-22 02:06:34'),(45,45,45,'1997-04-04 12:13:27'),(46,46,46,'1993-10-29 10:11:54'),(47,47,47,'1978-07-18 11:29:04'),(48,48,48,'1972-10-05 22:41:28'),(49,49,49,'2009-12-10 20:37:51'),(50,50,50,'2002-05-14 02:58:11'),(51,51,51,'1995-07-01 09:34:29'),(52,52,52,'2002-09-01 06:03:37'),(53,53,53,'2014-09-27 05:54:53'),(54,54,54,'2018-12-23 17:37:37'),(55,55,55,'1980-01-02 16:51:33'),(56,56,56,'2019-05-30 07:58:42'),(57,57,57,'1987-07-23 05:36:11'),(58,58,58,'1974-07-23 23:08:20'),(59,59,59,'2005-06-29 07:33:32'),(60,60,60,'1984-07-11 10:45:35'),(61,61,61,'2017-10-20 11:25:09'),(62,62,62,'1970-12-29 14:35:23'),(63,63,63,'2020-01-10 05:26:48'),(64,64,64,'2018-07-06 07:48:54'),(65,65,65,'2015-11-19 15:41:34'),(66,66,66,'2008-03-03 23:59:53'),(67,67,67,'1999-03-24 19:42:47'),(68,68,68,'2010-06-03 22:31:34'),(69,69,69,'1980-09-13 19:29:42'),(70,70,70,'2003-10-08 14:45:53'),(71,71,71,'2017-03-10 11:40:16'),(72,72,72,'1977-09-28 09:27:17'),(73,73,73,'2002-07-07 03:16:46'),(74,74,74,'2019-01-16 20:58:27'),(75,75,75,'2003-06-18 11:37:47'),(76,76,76,'1981-11-11 21:43:05'),(77,77,77,'1978-11-13 01:43:29'),(78,78,78,'1999-08-07 19:05:22'),(79,79,79,'1999-07-10 22:02:25'),(80,80,80,'1984-11-01 03:52:38'),(81,81,81,'1985-04-19 10:00:04'),(82,82,82,'1977-06-18 04:01:43'),(83,83,83,'2012-02-10 12:44:58'),(84,84,84,'1971-11-28 10:39:32'),(85,85,85,'1980-12-03 05:07:16'),(86,86,86,'2019-02-17 17:55:35'),(87,87,87,'1977-10-25 06:42:34'),(88,88,88,'2005-10-05 17:44:17'),(89,89,89,'1974-10-12 01:07:55'),(90,90,90,'1973-04-10 20:11:28'),(91,91,91,'1981-02-25 03:19:38'),(92,92,92,'1972-09-24 21:20:49'),(93,93,93,'2008-07-13 14:42:50'),(94,94,94,'2020-03-25 06:26:47'),(95,95,95,'1988-03-21 17:11:19'),(96,96,96,'1971-07-02 16:59:06'),(97,97,97,'2001-01-22 05:10:38'),(98,98,98,'1986-09-13 13:33:58'),(99,99,99,'2019-03-14 16:06:44'),(100,100,100,'1997-02-17 12:26:32');
/*!40000 ALTER TABLE `likes` ENABLE KEYS */;
UNLOCK TABLES;

--
-- Table structure for table `media`
--

DROP TABLE IF EXISTS `media`;
/*!40101 SET @saved_cs_client     = @@character_set_client */;
/*!40101 SET character_set_client = utf8 */;
CREATE TABLE `media` (
  `id` bigint(20) unsigned NOT NULL AUTO_INCREMENT,
  `media_type_id` bigint(20) unsigned NOT NULL,
  `user_id` bigint(20) unsigned NOT NULL,
  `body` text COLLATE utf8mb4_unicode_ci DEFAULT NULL,
  `filename` varchar(255) COLLATE utf8mb4_unicode_ci DEFAULT NULL,
  `size` int(11) DEFAULT NULL,
  `metadata` longtext CHARACTER SET utf8mb4 COLLATE utf8mb4_bin DEFAULT NULL CHECK (json_valid(`metadata`)),
  `created_at` datetime DEFAULT current_timestamp(),
  `updated_at` datetime DEFAULT NULL ON UPDATE current_timestamp(),
  UNIQUE KEY `id` (`id`),
  KEY `user_id` (`user_id`),
  KEY `media_type_id` (`media_type_id`),
  CONSTRAINT `media_ibfk_1` FOREIGN KEY (`user_id`) REFERENCES `users` (`id`),
  CONSTRAINT `media_ibfk_2` FOREIGN KEY (`media_type_id`) REFERENCES `media_types` (`id`)
) ENGINE=InnoDB AUTO_INCREMENT=101 DEFAULT CHARSET=utf8mb4 COLLATE=utf8mb4_unicode_ci;
/*!40101 SET character_set_client = @saved_cs_client */;

--
-- Dumping data for table `media`
--

LOCK TABLES `media` WRITE;
/*!40000 ALTER TABLE `media` DISABLE KEYS */;
INSERT INTO `media` VALUES (1,1,1,'Voluptas repellat aperiam et ratione architecto perferendis. Minus molestiae voluptatem magnam cupiditate inventore officia. Dignissimos blanditiis officia quia velit id voluptatem.','ex',922677,NULL,'2001-01-20 03:51:07','1983-06-03 16:15:52'),(2,2,2,'Quis sit et debitis necessitatibus adipisci aperiam animi. Sapiente reiciendis saepe voluptate delectus est. Illo eaque eligendi illo. Quidem et sapiente laborum magnam exercitationem.','voluptas',69492,NULL,'1985-02-25 18:06:29','1989-07-20 22:49:25'),(3,3,3,'Recusandae unde maxime sequi et voluptatibus libero dicta accusamus. Est inventore maiores omnis consequuntur dolor non rerum est. Illo tempora magnam dolorum. Possimus illo in fugiat sapiente.','consequatur',801071,NULL,'1982-04-04 16:34:00','1988-05-10 18:34:05'),(4,4,4,'Doloremque qui rerum qui ipsum qui. Sunt in perspiciatis rerum perferendis. Et est atque animi exercitationem vel ipsa.','et',30998,NULL,'1981-11-20 13:41:12','1996-09-12 11:34:52'),(5,5,5,'Sed iusto provident ipsum repellendus. Impedit ut accusamus et. Laborum veritatis esse perferendis quisquam quibusdam quis.','non',863,NULL,'2015-04-27 14:15:23','2009-08-22 23:22:44'),(6,6,6,'Et enim consequatur et quaerat laudantium nam laboriosam unde. Facere ad velit eum reprehenderit. Cum sed voluptas atque qui qui sunt illo. Recusandae nihil nihil velit quis repudiandae sequi quaerat.','quia',40583,NULL,'1987-06-26 14:58:09','1978-05-02 04:13:40'),(7,7,7,'Magnam consequatur magnam dolor. Voluptate quas omnis sit perspiciatis nemo est id mollitia. Temporibus sit reiciendis ullam voluptatem sapiente.','explicabo',853760579,NULL,'1971-08-10 21:27:40','2017-10-12 15:14:51'),(8,8,8,'Dolore vel beatae libero commodi saepe dolorem corporis. Vel voluptas quod autem enim nostrum fugit qui ad. Error ut eveniet vero doloribus et qui tempore. Libero quis qui beatae culpa.','veritatis',37701049,NULL,'1990-11-23 08:37:28','2012-10-15 03:09:38'),(9,9,9,'Sit recusandae enim ut. Officiis facere maiores dolores rerum harum ducimus sapiente.','enim',4121,NULL,'1995-10-01 03:41:38','2014-09-08 18:30:44'),(10,10,10,'Non velit fugiat doloremque eum voluptas nihil. Vitae ut est voluptates eum quos. Et reiciendis commodi at saepe voluptatem est. Aut voluptas id magni consequatur odio.','ratione',854556175,NULL,'2014-11-12 16:47:54','2008-03-15 14:13:57'),(11,1,11,'Velit aperiam quia et at enim unde. Provident ea occaecati vel laboriosam eligendi odio. Enim harum aut modi quaerat laborum delectus. Quis consequatur corrupti amet illum eveniet.','aspernatur',164766767,NULL,'1999-07-07 12:19:13','1975-09-02 05:59:53'),(12,2,12,'Et labore sit eos cum eligendi dolores similique est. Aut sint quae accusantium laudantium velit sit. Minus aliquam soluta unde doloremque. Qui nesciunt veritatis saepe sapiente sit.','vero',7309,NULL,'2020-08-19 23:24:43','1992-06-12 06:27:08'),(13,3,13,'Numquam id quisquam explicabo molestiae. Nulla ut quasi ipsum provident debitis soluta.','eum',955286626,NULL,'2008-02-02 11:20:08','2019-05-24 12:43:53'),(14,4,14,'Hic ipsam ut architecto velit et laborum. Similique cumque et aut totam esse esse. Dolorum dolores est nobis iusto qui in. Reiciendis dolorum nemo omnis maiores.','maxime',4455,NULL,'1987-02-17 22:15:25','2003-05-13 18:36:53'),(15,5,15,'Officiis nobis in velit. Voluptatem voluptas ut illo magnam facere est soluta.','est',4244484,NULL,'1986-03-01 16:33:33','2016-04-18 06:54:42'),(16,6,16,'Natus odit est porro cupiditate libero. Sint quia quaerat laboriosam blanditiis. Laborum ullam exercitationem qui odio praesentium ipsam. Veniam nulla omnis rerum ducimus et sit perferendis.','architecto',9439611,NULL,'1990-04-12 17:24:39','1993-02-24 22:08:54'),(17,7,17,'Odio aut praesentium ea deserunt ad. Sed ut dicta quis doloribus. Expedita aut quia dolorem.','perspiciatis',84588,NULL,'1995-04-26 03:14:54','1989-09-13 21:47:13'),(18,8,18,'Eligendi enim ducimus omnis quidem quidem reprehenderit. Ut qui maiores nostrum quis molestias ut beatae. Voluptatem veritatis ratione quibusdam voluptatem sapiente qui. Consequatur culpa qui placeat tempora quam consequuntur. Qui vero non voluptatibus recusandae quam beatae.','officia',6,NULL,'1972-06-21 04:12:05','2017-01-26 22:37:57'),(19,9,19,'Mollitia et quidem asperiores iusto. Quasi molestiae et eaque repudiandae soluta ea. Quia et vel quo corrupti inventore asperiores sint ut.','aut',9,NULL,'1975-09-02 23:30:46','1970-03-06 10:21:50'),(20,10,20,'Maxime vitae ut non et minus. Debitis officia non quisquam quos quaerat. Sit eos iste repudiandae vel unde dolorum qui.','hic',0,NULL,'2001-11-11 05:35:06','1993-03-16 08:11:27'),(21,1,21,'Nemo vel quidem impedit perspiciatis sed distinctio ut. Ad nesciunt et quis nobis earum similique. Harum sit provident eius explicabo eveniet neque magni. Vero omnis iusto harum dolor quibusdam.','quidem',0,NULL,'2001-03-05 23:05:23','2018-07-31 04:01:19'),(22,2,22,'Necessitatibus aut molestiae id ratione dolor rerum. Repellat nesciunt velit ut nihil blanditiis consectetur sit. Alias molestiae qui ipsum similique nisi.','omnis',0,NULL,'1999-10-17 01:36:16','1980-05-12 02:12:09'),(23,3,23,'Repellendus qui et voluptatibus consequatur. Incidunt quod quia qui vitae accusantium autem omnis. Fugit nisi cupiditate dolor necessitatibus dolorum rem.','quia',9382459,NULL,'1988-07-08 04:03:34','1977-12-31 03:36:17'),(24,4,24,'Dolorem facere molestiae at dolore qui facilis iusto. Delectus illum blanditiis deleniti dolor error. Necessitatibus non vero sequi aut.','dolores',65737137,NULL,'1990-11-15 06:32:50','2017-06-27 18:59:31'),(25,5,25,'Quia blanditiis ea laborum doloribus eum non. Sit sed est est beatae magnam distinctio atque. Cum numquam vel quod ad.','et',0,NULL,'2009-01-08 19:55:22','1971-12-02 09:31:02'),(26,6,26,'Quo in maxime ut corporis. Iure autem fugiat ut nihil aut. Et qui provident et minus aut aut.','fugiat',461,NULL,'1996-08-14 09:55:56','1988-03-27 23:43:21'),(27,7,27,'Asperiores voluptatem quibusdam ad tempore facilis aut et. Suscipit reprehenderit vel voluptas voluptas. Nihil maiores repellat pariatur aliquam ex iusto atque.','quod',376001192,NULL,'1976-11-02 20:08:18','2011-10-03 14:44:30'),(28,8,28,'Aliquam eius neque adipisci aut impedit aliquam sunt. Consequatur consequatur laudantium excepturi iure voluptates nostrum dolor. Molestiae nisi et nobis voluptatibus. Accusamus iusto accusamus dolorum enim distinctio velit corrupti.','ut',8199,NULL,'2020-08-25 17:33:12','1971-03-20 13:49:52'),(29,9,29,'Ut cumque totam neque nihil dolorem officia doloremque corrupti. Rerum veritatis doloribus temporibus et eum quas. Perferendis qui veritatis eaque cupiditate.','qui',84223185,NULL,'2004-10-09 13:58:09','2008-12-25 23:51:39'),(30,10,30,'Iste occaecati ut dolor asperiores quisquam quia debitis. Tempora quia modi nisi quis. Eos non odit iste impedit non est rerum est. Expedita architecto consequatur unde nostrum qui quis eos.','adipisci',97031277,NULL,'1983-12-12 13:02:11','1985-08-30 22:53:43'),(31,1,31,'Est sapiente dolorem nesciunt recusandae dolor nesciunt. Sit dolores totam nostrum sit quasi magnam. Quos dolorum et id.','iste',8783,NULL,'2013-06-09 09:14:06','1987-06-29 04:59:36'),(32,2,32,'Nihil ipsa mollitia voluptas ut quos quibusdam qui provident. Dolorem id qui est sunt saepe. Perferendis ea beatae fugit iste cumque maxime. Voluptas dolorem aut est magni qui.','ipsam',39582704,NULL,'1980-11-13 00:52:23','1992-05-16 07:28:04'),(33,3,33,'Non voluptas consequatur deserunt natus dolore temporibus voluptate. Neque eaque odit alias laborum rerum. Aut dicta dolorem ut.','tempore',752219192,NULL,'1988-09-10 03:30:55','1973-06-16 19:57:03'),(34,4,34,'Voluptates natus corrupti qui deleniti. Odit aperiam qui quis omnis.','officia',0,NULL,'1992-05-26 05:17:46','2008-07-27 06:21:32'),(35,5,35,'Recusandae in numquam nostrum rerum. Placeat non voluptatem est quam. Distinctio vitae magnam quasi quia. Perferendis quia nobis et rerum vel deleniti doloremque temporibus.','illo',395,NULL,'2010-09-04 00:26:29','1982-01-11 05:48:10'),(36,6,36,'Ut aliquid autem distinctio earum expedita est quia. Quia magnam blanditiis et culpa expedita aperiam aliquid excepturi. In possimus enim mollitia beatae neque. Vel totam in enim aut rem sed dicta.','voluptatem',0,NULL,'1999-01-05 18:45:07','2019-04-15 21:51:25'),(37,7,37,'Voluptatem culpa laboriosam officiis blanditiis veniam maiores ea. Qui dolorem laboriosam repellat ipsum beatae sed ab. Ut ut animi officia animi. Cum ut voluptatem voluptas sint facere.','velit',7099,NULL,'1973-02-17 23:30:53','2002-03-06 00:32:53'),(38,8,38,'Doloremque exercitationem sint minima reprehenderit voluptate atque minus. Soluta omnis et neque optio aut dolores rerum eos. Dignissimos velit quisquam sequi eum deleniti consequatur. Autem et laudantium omnis dolor quasi.','ducimus',400509810,NULL,'1988-07-21 17:54:09','1976-02-15 08:04:33'),(39,9,39,'A quis ratione et nihil voluptatem veritatis sit eaque. Fuga quia aut id dignissimos. Eum officia quidem sit. Dolorum laudantium consectetur molestias harum consectetur occaecati libero.','delectus',95,NULL,'1975-06-23 07:43:37','2006-07-02 10:37:24'),(40,10,40,'Velit similique quidem et et eligendi. Aut eveniet fuga modi exercitationem accusamus commodi veritatis aut. Numquam repudiandae quidem atque eum. Inventore est sed tempora explicabo est consequuntur est laudantium.','dignissimos',0,NULL,'1985-12-09 09:36:07','1977-02-23 01:33:30'),(41,1,41,'Ex qui tempore dolores qui porro. Quis expedita aliquid tenetur incidunt. Quasi aspernatur quia nesciunt excepturi quis. Veniam sint qui incidunt enim vitae corrupti.','cum',0,NULL,'1987-07-19 14:13:59','1996-10-01 07:42:08'),(42,2,42,'Voluptate eos recusandae dolor alias voluptate delectus. Voluptatum sit quas velit ipsa ut. Ut nam dolorem esse.','atque',51949,NULL,'2004-10-21 03:27:59','2010-07-24 01:54:22'),(43,3,43,'Nobis earum delectus ad qui et recusandae quas voluptas. Cupiditate iusto perspiciatis commodi cupiditate iure. Et culpa debitis quam consequuntur error. Id doloribus quibusdam necessitatibus accusantium.','iure',24991387,NULL,'2018-11-28 17:39:01','1996-02-04 11:54:40'),(44,4,44,'Magni accusamus quisquam et modi inventore. Nesciunt vero in quaerat distinctio. Explicabo dignissimos repellat id. Sunt quae optio explicabo quae molestias. Dicta voluptate vel amet ad vitae sunt quibusdam.','molestiae',964,NULL,'2017-08-11 13:07:22','1990-09-06 21:12:15'),(45,5,45,'Qui omnis sit unde quia est ullam sint. Fugiat quia est ut. Maiores saepe quia quae at enim deleniti itaque. Commodi iure exercitationem est amet perspiciatis.','praesentium',95752204,NULL,'1989-04-09 14:08:59','2007-12-08 11:18:49'),(46,6,46,'Reprehenderit eum expedita iure reiciendis. Et quaerat nesciunt voluptas. Iure rerum est ipsum accusamus quaerat dolorem quis.','natus',981440843,NULL,'1975-07-01 13:52:44','1996-07-21 16:56:57'),(47,7,47,'Mollitia sequi ut odio eaque repellat. Et ullam voluptas qui excepturi facere tempora.','expedita',541923,NULL,'1982-09-16 01:32:15','1972-04-15 04:07:24'),(48,8,48,'Enim ad et totam nesciunt. Possimus atque aut quae deserunt est inventore id. Minus velit est autem unde dolorum quo quis.','laboriosam',42587,NULL,'2016-03-27 11:45:53','1988-05-02 03:10:31'),(49,9,49,'Natus consectetur itaque ut. Et sit est asperiores voluptas nostrum mollitia. Deleniti necessitatibus reprehenderit illum inventore qui omnis. Ratione velit rerum eligendi.','nobis',0,NULL,'2002-10-23 05:12:28','1975-04-11 23:42:21'),(50,10,50,'Amet quo sequi corrupti quia sit architecto quis vel. Quos suscipit non voluptatibus quas non aut.','consectetur',145,NULL,'1982-12-02 15:54:39','1994-11-18 12:31:10'),(51,1,51,'Et voluptatem qui quia. Magni velit id iure blanditiis. Non assumenda aut autem. Cupiditate placeat quae eum aperiam neque officiis enim officiis.','dolor',630594,NULL,'2009-11-24 06:24:07','2017-11-16 19:17:04'),(52,2,52,'Non vel voluptatem aspernatur iure voluptatum. Qui quam rerum deserunt non delectus. Et accusamus accusamus delectus est id ad. Dolorem officiis suscipit sed iusto sapiente sed sint. Eveniet dolorem earum enim amet repellat est expedita repudiandae.','aperiam',23138,NULL,'2014-02-14 17:09:40','1973-09-27 07:15:10'),(53,3,53,'Ea natus tempore unde dolor dignissimos. Aspernatur reiciendis nihil laborum ut quod et. Dolor laboriosam hic cum voluptas. Dignissimos corporis voluptatem adipisci voluptas.','est',0,NULL,'1984-11-18 08:57:27','1986-05-14 15:19:21'),(54,4,54,'Ipsa aliquam rerum labore perspiciatis. Pariatur vitae at aut non mollitia sint corporis. Dolorem sit assumenda dolores est quos nam. Voluptas voluptatem eius consequatur et.','minus',991039,NULL,'2000-11-09 09:03:11','2010-12-31 23:38:06'),(55,5,55,'Officia totam dolorem perferendis mollitia doloribus voluptas accusamus. Consequuntur et optio necessitatibus voluptatem quae. Incidunt error aliquam laborum laboriosam sit in doloribus. Ut mollitia voluptatibus recusandae harum sequi.','commodi',604,NULL,'1980-08-02 20:54:04','1994-12-15 16:49:29'),(56,6,56,'Sit consectetur aut modi ea facere repellendus quibusdam at. Ea sint voluptatum natus voluptates et dignissimos numquam ad. Voluptatibus laudantium ut dolor in dolore quas culpa.','aut',79870138,NULL,'1994-08-01 03:09:50','1994-07-15 16:13:55'),(57,7,57,'Quaerat modi ut inventore dolorum quis ex ipsa. Aut aut praesentium placeat. Qui sed dolor illum ab et. Est qui facilis eos.','asperiores',719809147,NULL,'2009-11-16 19:38:49','2014-05-09 08:55:28'),(58,8,58,'Est et non itaque optio amet delectus. Iusto nemo est quia sit provident iure. Ipsa est repellat inventore expedita quis aut.','et',3,NULL,'1970-07-28 10:10:05','1993-06-25 18:26:07'),(59,9,59,'Sed odio maiores quisquam ducimus sapiente similique inventore. Odio iusto aut reprehenderit et commodi et sit. Aperiam exercitationem deleniti numquam beatae excepturi delectus. Architecto nostrum accusantium culpa quia saepe quasi et.','voluptatem',82915,NULL,'1994-02-15 10:04:02','1978-09-27 06:49:56'),(60,10,60,'Facilis quod eum repellendus repellendus adipisci similique. Corrupti ut quia optio libero enim delectus laudantium.','laborum',6,NULL,'1982-09-11 23:58:29','1976-07-03 12:07:08'),(61,1,61,'Nisi laboriosam consequuntur dolorum et est nostrum ea optio. Exercitationem excepturi consequatur quo. Voluptas ipsa suscipit aut ut ullam rem. Laudantium ratione sit quis animi maiores tempore minima veritatis.','in',211,NULL,'2010-02-07 09:36:32','2013-11-13 18:43:12'),(62,2,62,'Vitae quod quia ipsa nesciunt qui atque sed. Dignissimos laboriosam est magnam natus et. Libero voluptate nam voluptatibus beatae voluptas magni incidunt deleniti. Ut aut error voluptas rerum aut ut minima natus.','magni',34,NULL,'2009-11-23 05:47:12','2009-08-04 02:06:03'),(63,3,63,'Qui at occaecati rem iste aut excepturi quas. Dolores est dolor amet molestias est odit. Iusto culpa non quidem sed saepe dolore.','omnis',886,NULL,'1971-02-18 22:23:08','1997-08-20 15:18:03'),(64,4,64,'Nisi magni fuga voluptas nam animi vero. Ipsa magnam voluptates quod nisi eum ducimus. Commodi porro labore qui culpa a. Sed laudantium possimus aut dolores eum non quidem ut. Quaerat neque et laudantium at non vel.','debitis',1802740,NULL,'1975-04-17 22:09:24','2014-05-26 04:06:08'),(65,5,65,'Ex cumque sunt voluptates nam. Maxime assumenda quaerat molestiae eaque sint. Voluptas rerum quia similique dignissimos. Atque sapiente consectetur veniam vero nisi reprehenderit.','doloremque',735750,NULL,'2008-12-23 14:15:39','2002-08-30 16:19:31'),(66,6,66,'Quam vel voluptas et neque aut. Commodi sed est pariatur ut aspernatur explicabo non. Nesciunt cupiditate et atque aut ea ea fugit. Doloribus ut mollitia aut.','quo',291249,NULL,'2001-01-28 01:51:32','2003-11-28 13:42:22'),(67,7,67,'Odio autem officia aut aliquam quas. In sequi et earum consequatur commodi voluptatem et.','quisquam',478596,NULL,'1972-01-25 18:40:14','1979-04-03 18:54:35'),(68,8,68,'Quaerat nostrum consequatur deserunt. Ut recusandae maiores soluta quis in reprehenderit nihil. Nulla qui et atque deserunt et eaque.','eos',51793283,NULL,'1987-05-14 16:06:28','2015-04-14 19:14:33'),(69,9,69,'Id quia fuga illum. Architecto reprehenderit nihil vel et qui qui et. Numquam et at qui non id vel fugit. Rem et numquam adipisci neque. Temporibus sit tempore vel cumque tempore.','eum',8009,NULL,'1983-08-04 10:31:33','1994-04-04 23:39:27'),(70,10,70,'Sequi autem deserunt harum alias id. Voluptas amet incidunt magni vitae doloremque ut occaecati. Aut sed sint repellendus. Ipsum autem earum voluptas nostrum sit aliquam nihil.','laborum',401133,NULL,'2007-10-04 22:44:50','1999-03-19 02:55:03'),(71,1,71,'Impedit qui et delectus et voluptatem quia optio. Hic non architecto in molestias neque. Qui blanditiis ut deserunt autem quos sunt ipsum. Ut quisquam quos ut modi aliquam.','animi',57,NULL,'2006-04-11 00:32:38','2015-08-27 16:34:32'),(72,2,72,'Omnis corrupti occaecati quae molestiae quisquam maiores. Repudiandae labore nihil temporibus in eaque quia. Quo doloremque consequatur iure voluptatem quia quia autem. In qui temporibus repellendus iusto. Cumque ipsam quia eius non.','sapiente',0,NULL,'2018-01-10 23:54:14','2002-05-09 23:17:17'),(73,3,73,'Maiores suscipit autem voluptatem labore nobis. Repudiandae corporis sapiente dolor beatae. Sit recusandae voluptatem excepturi esse. Asperiores quia aut praesentium perferendis consequatur. Deserunt voluptates natus sunt provident officiis.','ea',45930,NULL,'2018-01-20 17:39:55','1989-09-20 03:18:15'),(74,4,74,'Officia in quia quo vel culpa. Voluptas dolore aut velit enim. Minus earum molestiae dolor aut ipsa iure excepturi. Aut eveniet nihil sunt et.','doloremque',97,NULL,'1998-01-21 18:37:25','1985-03-23 07:52:43'),(75,5,75,'Facere est omnis dolores magni accusantium dicta. Quo soluta iure in et. Eaque rerum numquam suscipit facilis quis omnis. Quasi accusantium ea facilis praesentium omnis est deserunt.','sint',445,NULL,'1985-12-18 00:53:23','1984-08-08 03:36:22'),(76,6,76,'Sit aut et qui. Voluptas id eveniet id dolor cupiditate minima.','accusamus',537,NULL,'2018-11-06 11:46:09','1986-08-17 05:22:54'),(77,7,77,'Quibusdam nihil officiis magni minima ut et impedit. Dolorem libero et deleniti et. Aspernatur voluptatibus doloribus rerum qui aliquid.','quis',8701,NULL,'1997-07-31 05:40:05','2005-12-01 06:59:00'),(78,8,78,'Ullam culpa nisi deserunt dicta sit. Dolores animi iusto itaque enim corrupti quia odit.','debitis',465575,NULL,'2004-09-22 14:06:13','1978-12-18 17:40:01'),(79,9,79,'Quisquam numquam aliquid voluptate dolores voluptatibus. Magni beatae fugit temporibus aspernatur maiores nesciunt. Non quos eum id autem.','nulla',91452,NULL,'1985-01-19 12:12:34','1985-11-22 17:24:10'),(80,10,80,'Ratione quasi quam eaque eaque ut. Quibusdam aut aut et est esse fugit sunt. Exercitationem repellat perspiciatis sit pariatur quia rem fugit.','rem',0,NULL,'1987-06-24 17:11:38','1974-12-05 00:11:21'),(81,1,81,'Enim recusandae eligendi tempora id itaque numquam et delectus. Facilis numquam ad veniam. Laborum molestias est enim dignissimos doloribus.','illum',106974344,NULL,'1988-04-02 02:43:37','2009-08-01 19:18:33'),(82,2,82,'Ad aut molestias est possimus. Voluptas sit eveniet accusamus ipsa. Debitis quas qui eum et. Corporis et laudantium vel in ut occaecati aperiam quos.','sequi',3,NULL,'2020-11-21 10:43:45','1979-10-17 11:39:46'),(83,3,83,'Quis qui illum quia veritatis dolorum. Ut illo corrupti accusamus. Non odit facilis quod unde omnis.','esse',439,NULL,'1988-07-08 21:51:19','2006-09-30 19:31:04'),(84,4,84,'Et aut veniam non veniam. Non blanditiis quam dignissimos quidem. Officia qui est vel magnam sit. Asperiores vel error eveniet omnis. Voluptatibus harum soluta veritatis et voluptatem.','nobis',167016,NULL,'1999-03-21 20:51:34','1971-03-30 17:42:40'),(85,5,85,'Veniam odit mollitia ipsum ipsam odit. Exercitationem molestiae dolorum aut sunt veniam optio voluptate accusamus.','fugit',9330,NULL,'1985-02-16 05:20:42','2009-06-19 05:20:02'),(86,6,86,'Rem ut consequuntur blanditiis praesentium vel aut voluptatum. Aut sed excepturi est soluta at non blanditiis. Molestiae reprehenderit eius perspiciatis et repudiandae. Et consequatur et recusandae deserunt et.','dolorum',3,NULL,'1974-11-21 16:25:03','1993-05-14 11:31:15'),(87,7,87,'Dicta quam est quidem cum fugiat voluptas. Praesentium adipisci officiis provident pariatur mollitia ut. Est voluptatum ipsa nisi illo at quo. Molestiae rem dolorum ea tempora sed soluta aut.','animi',13100976,NULL,'1974-04-13 14:42:31','1993-11-26 03:43:52'),(88,8,88,'Labore ipsum aut sint ipsa. A officia molestias deserunt necessitatibus perferendis sequi nihil. Id dolorum aut cumque est quos.','itaque',0,NULL,'1985-01-01 00:45:06','1972-10-27 09:31:45'),(89,9,89,'Unde sunt quia ut. Distinctio repellendus suscipit dolorem dolor. Non quaerat qui quo delectus.','eos',95322,NULL,'1974-08-17 20:33:34','1997-01-01 19:55:49'),(90,10,90,'Animi libero voluptates velit cupiditate atque. Et omnis et quia blanditiis praesentium quaerat labore architecto. Quia quibusdam repellat cum earum perferendis ad voluptas.','dolorem',4,NULL,'1990-01-23 17:31:18','1999-03-30 09:14:12'),(91,1,91,'Omnis at iste repellendus incidunt quasi. Quas excepturi nulla totam optio. Id rerum error ipsum corrupti. At ad autem vero unde saepe laudantium consequatur debitis.','eligendi',80833,NULL,'2009-08-06 05:48:12','1995-02-08 03:17:09'),(92,2,92,'Perspiciatis quia voluptas consequuntur sed nihil. Nobis voluptatibus porro nesciunt a et.','est',4,NULL,'2003-07-18 09:48:33','1986-09-11 21:40:24'),(93,3,93,'Recusandae et ducimus qui dicta sint in. Id necessitatibus modi architecto dolore harum. Minima tenetur quia in. Quibusdam culpa enim sit reiciendis.','necessitatibus',67450,NULL,'1971-09-09 08:36:30','1980-02-08 22:47:48'),(94,4,94,'Laborum culpa voluptatum odio est. Dolor voluptatibus sed ea laborum ipsum aut. Reprehenderit voluptatem reprehenderit commodi distinctio repudiandae aut qui. Qui qui velit perspiciatis.','id',368787679,NULL,'2020-05-05 00:24:43','1998-01-10 06:45:24'),(95,5,95,'Aut nihil debitis sit provident recusandae incidunt. Sunt pariatur non aspernatur impedit sapiente omnis quae. Sunt et quidem dolore ratione. Numquam commodi et non odit atque.','quae',4,NULL,'1999-01-02 01:27:31','2000-05-26 23:37:43'),(96,6,96,'Blanditiis aut aliquid sit quos dolores voluptates magni velit. Ut aliquid et animi eum numquam omnis rerum. Dolore voluptatem optio earum quo quaerat.','et',0,NULL,'2005-08-26 23:53:57','2020-03-04 01:07:29'),(97,7,97,'Incidunt repellendus distinctio iusto molestiae libero labore. Sequi non amet assumenda eaque aspernatur neque rerum. Neque hic perspiciatis vel dolor tempora.','id',356059806,NULL,'2018-03-05 23:53:39','1976-11-21 22:22:43'),(98,8,98,'Enim minus similique perferendis deleniti nostrum alias. Quia quam et aliquam sit saepe. Asperiores eos et animi velit saepe.','reprehenderit',0,NULL,'1994-06-15 04:21:23','1984-08-21 10:16:36'),(99,9,99,'Dolorem laborum voluptatibus aut et et. Temporibus consequatur dolores dolorum sint autem nihil exercitationem. Quis in asperiores quo. Dicta sed recusandae totam qui rerum.','non',74,NULL,'1975-11-04 03:42:06','1972-06-09 21:03:12'),(100,10,100,'Ducimus animi et molestiae voluptatum. Id nam ut laborum. Voluptatibus excepturi quas in eos.','quia',10543,NULL,'1997-05-15 22:33:53','1984-08-25 02:27:42');
/*!40000 ALTER TABLE `media` ENABLE KEYS */;
UNLOCK TABLES;

--
-- Table structure for table `media_types`
--

DROP TABLE IF EXISTS `media_types`;
/*!40101 SET @saved_cs_client     = @@character_set_client */;
/*!40101 SET character_set_client = utf8 */;
CREATE TABLE `media_types` (
  `id` bigint(20) unsigned NOT NULL AUTO_INCREMENT,
  `name` varchar(255) COLLATE utf8mb4_unicode_ci DEFAULT NULL,
  `created_at` datetime DEFAULT current_timestamp(),
  `updated_at` datetime DEFAULT NULL ON UPDATE current_timestamp(),
  UNIQUE KEY `id` (`id`)
) ENGINE=InnoDB AUTO_INCREMENT=11 DEFAULT CHARSET=utf8mb4 COLLATE=utf8mb4_unicode_ci;
/*!40101 SET character_set_client = @saved_cs_client */;

--
-- Dumping data for table `media_types`
--

LOCK TABLES `media_types` WRITE;
/*!40000 ALTER TABLE `media_types` DISABLE KEYS */;
INSERT INTO `media_types` VALUES (1,'quo','2012-01-29 11:35:00','2016-04-16 04:38:49'),(2,'labore','1997-03-28 00:40:51','1995-04-06 04:54:27'),(3,'ut','2009-02-01 21:41:49','1971-03-07 02:50:29'),(4,'quo','1984-12-22 20:57:27','2014-08-08 10:39:09'),(5,'laborum','1993-07-18 14:30:55','1984-05-07 10:28:42'),(6,'recusandae','1976-07-13 16:57:26','1994-08-06 08:45:37'),(7,'mollitia','1978-02-01 12:08:10','2018-12-24 21:56:20'),(8,'blanditiis','1996-09-12 04:10:53','1982-11-21 01:24:33'),(9,'error','1991-07-06 17:24:13','1987-01-08 11:35:47'),(10,'possimus','2003-03-02 23:08:25','2007-12-21 12:09:58');
/*!40000 ALTER TABLE `media_types` ENABLE KEYS */;
UNLOCK TABLES;

--
-- Table structure for table `messages`
--

DROP TABLE IF EXISTS `messages`;
/*!40101 SET @saved_cs_client     = @@character_set_client */;
/*!40101 SET character_set_client = utf8 */;
CREATE TABLE `messages` (
  `id` bigint(20) unsigned NOT NULL AUTO_INCREMENT,
  `from_user_id` bigint(20) unsigned NOT NULL,
  `to_user_id` bigint(20) unsigned NOT NULL,
  `body` text COLLATE utf8mb4_unicode_ci DEFAULT NULL,
  `created_at` datetime DEFAULT current_timestamp(),
  UNIQUE KEY `id` (`id`),
  KEY `from_user_id` (`from_user_id`),
  KEY `to_user_id` (`to_user_id`),
  CONSTRAINT `messages_ibfk_1` FOREIGN KEY (`from_user_id`) REFERENCES `users` (`id`),
  CONSTRAINT `messages_ibfk_2` FOREIGN KEY (`to_user_id`) REFERENCES `users` (`id`)
) ENGINE=InnoDB AUTO_INCREMENT=101 DEFAULT CHARSET=utf8mb4 COLLATE=utf8mb4_unicode_ci;
/*!40101 SET character_set_client = @saved_cs_client */;

--
-- Dumping data for table `messages`
--

LOCK TABLES `messages` WRITE;
/*!40000 ALTER TABLE `messages` DISABLE KEYS */;
INSERT INTO `messages` VALUES (1,1,1,'Ad sequi quia dolores non eos. Vel consequatur excepturi asperiores eos beatae. Quia vel minus tempore aut quo. Labore id doloribus veritatis nostrum provident.','1971-11-24 03:26:41'),(2,2,2,'Omnis sequi nostrum provident aut et rerum repellendus. Nulla placeat aut ut et ut. Tempora est perspiciatis est vel porro laudantium odit. Dignissimos rem ad aut est eos temporibus ab.','1998-05-12 20:38:57'),(3,3,3,'Quam qui eaque voluptatem nisi occaecati cumque. Atque et est dolores id inventore culpa. Ab quidem aspernatur nihil incidunt eum ut vel. Qui fuga illum qui ut odio placeat perferendis.','1980-10-11 17:12:47'),(4,4,4,'Reprehenderit repellat exercitationem est qui et soluta ipsa. Corporis nam nisi doloremque et explicabo qui. Ut voluptatem fugit quae. Accusamus repellendus ipsum impedit maiores quod sequi.','1999-06-17 12:19:56'),(5,5,5,'Totam esse harum laboriosam saepe. Laudantium earum deleniti et labore est. Qui et omnis iusto.','2018-02-10 17:09:30'),(6,6,6,'Dolor nisi blanditiis quam excepturi et. Error quia inventore non quidem. A quos totam nulla minima velit. Et voluptatem velit placeat aut rerum dicta tempore.','2004-08-24 01:27:47'),(7,7,7,'Aut qui consequatur est praesentium ea earum. Nisi cupiditate maxime voluptatem rerum ex doloremque quaerat. Ab quisquam explicabo magnam molestias nostrum et.','1970-11-29 00:12:00'),(8,8,8,'Odit sint perferendis ad optio eum quod. Consequatur accusantium quae sunt. Nobis exercitationem animi incidunt enim. Voluptatem molestiae et fuga molestiae pariatur itaque.','1977-04-09 18:27:29'),(9,9,9,'Assumenda quaerat vero aut eaque voluptas. Non ipsam aut et ipsa ex.','1970-09-26 10:52:54'),(10,10,10,'Amet odio occaecati ut rerum accusantium quaerat aspernatur. Sequi quo debitis odio dolorem dolor. Expedita alias beatae fugiat reiciendis consequuntur odio quam.','1987-05-27 13:39:33'),(11,11,11,'Repellendus autem voluptates quos reprehenderit. Inventore aut id fugiat consequuntur libero. Dolor odio voluptatibus voluptatem.','1997-05-20 14:09:58'),(12,12,12,'Soluta et inventore non accusantium. Qui nihil enim vel id nostrum officiis consequatur. Ratione ea eaque illo. Qui voluptas vero culpa dignissimos voluptatem esse unde.','1972-06-20 20:27:08'),(13,13,13,'Et beatae repellat ab quaerat ipsam. Molestias vel qui saepe impedit maxime ut deserunt. Perferendis harum officiis accusantium incidunt delectus.','2012-02-15 18:15:20'),(14,14,14,'Nihil quasi iure pariatur temporibus iure quaerat. Similique autem doloremque consequuntur ut perspiciatis. Ipsa possimus omnis animi explicabo consequatur. At non consequatur placeat odit architecto et.','1983-12-05 16:13:15'),(15,15,15,'Distinctio omnis qui et incidunt. Possimus voluptas at asperiores corporis accusantium explicabo. Consequatur corrupti repellat asperiores. Recusandae sit nulla aut rerum facere eos.','1971-09-23 23:35:48'),(16,16,16,'Quibusdam aut ut rerum delectus sint enim voluptatem. Nesciunt a ut id qui voluptas vel. Nihil sunt rerum exercitationem id ipsam id eum officiis. Dolorem corrupti non doloremque similique nemo.','1983-07-06 11:30:23'),(17,17,17,'Aut placeat eius quis reprehenderit maxime commodi. Nisi consequuntur repellat saepe perspiciatis. Ut est voluptatem alias sit reiciendis voluptatem rem.','1978-08-05 21:21:35'),(18,18,18,'Mollitia voluptatem laudantium nostrum quia ex et. In voluptatem et est dolore rerum et.','1975-03-17 13:22:25'),(19,19,19,'Earum consequatur ut nisi dignissimos numquam id perspiciatis. Minus nemo deserunt sit et ut. Esse soluta et quasi. Ut tenetur ipsa qui sit.','2018-02-07 22:18:54'),(20,20,20,'Ipsam occaecati sed voluptatem aliquam. Iure incidunt saepe earum et et aut quam. Amet nostrum minima fuga voluptatem. Dolores necessitatibus ut in recusandae repellendus nostrum.','2010-01-20 22:01:12'),(21,21,21,'Velit fuga accusamus ullam hic in quo hic. Numquam maiores dicta possimus. Delectus ut dolor eos eligendi repellat.','1990-04-30 12:04:24'),(22,22,22,'Reprehenderit error quidem aliquam quam vel. Porro molestias quibusdam deleniti at doloribus voluptate ad. Rerum voluptatum velit ducimus id commodi magnam qui. Nulla mollitia consequatur voluptates aliquid.','1971-02-07 11:13:49'),(23,23,23,'Ratione tempora ut eum illo. Eos accusantium voluptas esse. Aut aut sunt ea dolor. Sed praesentium at dignissimos harum. Tenetur laborum nesciunt magnam omnis.','2006-06-08 17:14:54'),(24,24,24,'Corrupti ratione perspiciatis autem quidem optio est soluta. Excepturi repellendus eum ipsum consequuntur occaecati ab quas. Doloremque nostrum dolores ipsam saepe et omnis. Laboriosam quisquam dolor neque id illo sunt quis consequatur.','1988-03-13 08:29:51'),(25,25,25,'Amet autem nostrum aut nostrum similique minus. Sit est sit et ex quis expedita laudantium voluptatem. Expedita harum rerum dolor. Itaque error assumenda perspiciatis perferendis magnam aliquid.','1983-03-27 11:42:35'),(26,26,26,'Amet maxime tempora nisi enim tenetur. Expedita omnis delectus beatae vitae cum esse non. Fugit nisi ut est et.','1993-02-03 14:32:27'),(27,27,27,'Minus quae eos voluptate nemo nobis rem. Et amet sed similique.','2007-01-19 11:36:18'),(28,28,28,'Maiores sint beatae consequatur magni rerum repellendus voluptatum. Vel et qui quas quasi minima autem. Ex harum autem esse quia sed. Sint consequatur doloremque excepturi maxime libero.','1981-07-10 12:01:43'),(29,29,29,'Ut facilis impedit id voluptas voluptas impedit aperiam commodi. Qui aspernatur sed facere provident.','2013-07-06 11:31:56'),(30,30,30,'Nemo doloribus et impedit fugit. Minima ducimus eum eligendi vel. Eaque nemo sequi quam soluta accusamus in. Reiciendis voluptatem earum illo officia ab illo animi non.','1992-10-28 21:52:12'),(31,31,31,'At dicta voluptas unde. Delectus ad sint enim qui ipsa. Ut ex maxime nam mollitia accusamus modi et id.','2000-08-10 16:55:17'),(32,32,32,'Occaecati labore aliquid et est perspiciatis sit. Dignissimos voluptatibus repudiandae mollitia a.','1973-04-13 11:27:59'),(33,33,33,'Soluta incidunt alias quam molestias fugiat delectus. Eveniet sint accusantium voluptates blanditiis itaque quisquam. Nemo labore eum omnis nam sint repellendus.','1983-01-13 11:02:34'),(34,34,34,'Labore id enim eos ut animi exercitationem. Molestiae inventore non minus similique magni numquam. Quod molestias voluptatem quidem excepturi. Eos temporibus repellat nemo ut et. Aut quos minus delectus cumque perferendis corporis facilis.','1970-09-01 06:45:42'),(35,35,35,'Totam a eum aperiam optio dicta. Temporibus deleniti neque accusantium tenetur voluptatum qui neque sequi.','2013-12-31 21:52:03'),(36,36,36,'Earum consequuntur voluptas quam odit. Officiis commodi vel vitae delectus consequuntur. Autem quos et laborum consequatur.','1979-07-19 22:19:54'),(37,37,37,'Et doloribus ut adipisci rerum autem ea non. A amet quisquam eius rerum.','2005-02-07 08:59:02'),(38,38,38,'Voluptas odit atque ducimus maiores eaque nihil. Sit impedit quidem vero exercitationem asperiores. At tenetur accusamus qui. Repudiandae ut rerum qui quam.','1970-08-29 22:31:29'),(39,39,39,'Rerum expedita quo praesentium in quaerat voluptatem. Non aut labore facere modi. Ea minus deserunt quo quia error. Eos quia consectetur cumque.','1986-12-21 03:31:25'),(40,40,40,'Incidunt commodi nobis qui ut velit molestias. Nemo deleniti sint consequatur molestiae suscipit nihil. Ut repellendus eaque omnis numquam voluptates. Beatae eius vitae consequuntur fugiat sint omnis. Libero atque dicta hic fugit.','1998-07-04 20:17:40'),(41,41,41,'Quasi voluptatibus atque vel porro iste dolorum. Eaque soluta laudantium est quia. Fuga quod non beatae laboriosam quam. Id iusto voluptate sit officia rerum sunt.','1995-08-22 06:31:32'),(42,42,42,'Nemo quod labore omnis nesciunt aut officiis. Explicabo odio illum facere illum. Aliquam doloremque quia voluptatum quidem. Facilis asperiores enim et qui impedit.','2010-11-14 07:07:40'),(43,43,43,'Consequatur eius nesciunt saepe vitae recusandae nemo. Maxime porro vero qui. Qui rerum eveniet maiores qui animi ut molestiae.','2016-05-24 12:14:08'),(44,44,44,'Qui iure et est ut ipsa assumenda. Qui in fugiat totam ad consequuntur sit. Vitae qui quidem est quis voluptatem fugit. Occaecati porro vel quas soluta.','2001-05-27 19:10:43'),(45,45,45,'Quas illum ratione nulla amet harum. Repellendus ut quia explicabo debitis id consequuntur saepe. Aut expedita explicabo blanditiis iure magni enim. Consequatur corporis tempora aliquid et consectetur.','1980-02-13 08:22:16'),(46,46,46,'Est dolores magnam nobis eos. Rerum excepturi error quaerat laudantium nihil rem. Dolor voluptatem hic autem autem animi. Similique dignissimos modi sed sit inventore itaque.','1987-09-24 21:15:14'),(47,47,47,'Culpa ex ullam consequatur error quae dolores quia. Debitis rerum saepe nemo aspernatur in dolorem. Perferendis ut aut quia qui quia consequatur. Earum occaecati velit nesciunt officiis fuga consequatur.','2007-06-04 16:00:52'),(48,48,48,'Fugiat nulla consequatur adipisci delectus. Harum sequi laborum sunt voluptatem porro qui quo optio. Quam ut animi repellat sunt ut. Molestiae blanditiis beatae aliquam officiis et sunt.','2016-07-30 08:30:00'),(49,49,49,'Quam id culpa non dolorem voluptatem itaque nulla. In ea dignissimos iure et modi aliquid. Perferendis reiciendis qui ipsam inventore autem quia. Cum quia quia voluptates ipsa.','1996-02-17 04:07:02'),(50,50,50,'Saepe praesentium qui non quae molestiae hic. Et velit vitae maiores et dicta et. Voluptatem pariatur quae suscipit nobis ut necessitatibus qui dolor.','1990-03-10 11:01:47'),(51,51,51,'Sint nostrum dolorum adipisci et. Vel iure harum perspiciatis magni sint nemo. Minima quibusdam minima voluptatem omnis praesentium provident excepturi alias.','1974-08-12 23:38:13'),(52,52,52,'Sint ex aperiam a autem id saepe debitis. Sit sed non consequatur dolorum non. Magni unde architecto quo laboriosam aut repudiandae vero.','1991-11-30 23:43:03'),(53,53,53,'Omnis tenetur omnis tempore saepe. Facilis accusantium debitis nesciunt rerum illum dolor ea voluptatum.','2015-01-22 07:50:13'),(54,54,54,'Consequatur doloribus non consequatur deserunt. Et quia nostrum praesentium asperiores. Enim omnis sint et. Fugit et enim ducimus adipisci ut natus.','1979-06-21 20:51:25'),(55,55,55,'Sed magnam sapiente quis ipsum inventore numquam laboriosam. Vel cumque vero vel consequatur quae.','2011-05-13 09:44:12'),(56,56,56,'Omnis non vel enim culpa. Provident omnis dicta sed.','1982-05-16 08:29:14'),(57,57,57,'Facilis odio delectus natus qui maxime praesentium non. Non ex maiores ipsam quis. Temporibus et occaecati in quia beatae repellat voluptatem. Esse dolore dicta reprehenderit eaque tempore ut eum non.','1980-07-04 05:56:38'),(58,58,58,'Quisquam possimus rem nihil illo numquam aliquid. Eius vero eum voluptatem ratione error porro ut. Voluptate et excepturi numquam aliquam. Vel porro qui corrupti consequuntur.','1987-01-05 13:10:45'),(59,59,59,'Non rerum vitae placeat suscipit tempore. Est non maxime adipisci consequatur. Reprehenderit nostrum sit est ducimus enim.','1983-03-03 12:41:50'),(60,60,60,'Est et repellendus architecto. Tenetur rem atque in dolorum non. Modi et reiciendis omnis qui eos.','2004-11-25 05:47:19'),(61,61,61,'Occaecati deserunt atque perspiciatis veniam rerum omnis. Rerum aliquam at enim ad consectetur. Odio dolores enim reiciendis consequatur nemo sed. Molestiae non qui eos laboriosam eos temporibus.','2018-04-20 05:37:18'),(62,62,62,'Atque sit recusandae doloremque ipsum aliquam. Excepturi molestias aut minima ut ipsam et quaerat. Quo illo veritatis fugiat est qui. Porro ea quaerat sint delectus et sunt recusandae.','1984-05-23 20:50:01'),(63,63,63,'Quis culpa explicabo voluptatem omnis deleniti dicta explicabo. Ad unde rerum aperiam assumenda repellat numquam id corporis. Sit amet quo odio.','1970-09-01 01:48:51'),(64,64,64,'Iure officia molestiae qui. Rem ad eum illum praesentium iure atque et. Odit eum ea aperiam harum officiis omnis. Impedit impedit provident non ea aut repudiandae.','1979-12-26 07:21:51'),(65,65,65,'Consequatur fugit provident dignissimos dolor ut sed magnam. Magni est nostrum consequatur blanditiis. Qui rerum aliquam et incidunt.','1974-04-26 20:29:31'),(66,66,66,'Quos similique et accusantium aut fugiat sapiente officia. Tempora est aliquam adipisci nam cupiditate numquam eos voluptatem. Quis nobis facere aut ex laborum consequatur et.','1971-12-09 18:03:28'),(67,67,67,'Nostrum aut dolores repudiandae deleniti corrupti numquam. Quia est officia itaque dolorem sed. Aut nesciunt aut eligendi ut officia ea sed.','1997-05-21 17:53:32'),(68,68,68,'Ut dolores fuga in minus velit minus. Sequi rem maiores aliquam ratione velit. Aliquid tempora magni harum nihil porro.','1983-02-23 12:03:25'),(69,69,69,'Aut cum omnis harum et accusamus assumenda a. Qui eos sit velit. Accusantium qui fugiat culpa nisi modi quasi cupiditate.','1981-03-20 09:48:49'),(70,70,70,'Veniam dolores quia sunt eveniet quo sed distinctio. Dolores illum vel voluptatem repudiandae dolores atque aut. Voluptatem nihil consequatur aliquam sed quia rerum iusto expedita. Ipsum sit id placeat aut sapiente provident.','2020-06-17 22:47:32'),(71,71,71,'Magni dignissimos maxime qui nobis. Sunt expedita occaecati autem deleniti cum voluptatem quasi. Reiciendis sed tempora non rem ea. Fugiat hic illum magnam sapiente voluptatem eum consequatur.','1988-11-30 14:35:41'),(72,72,72,'Tempora quasi ut quis quod ullam voluptas. Quae neque molestiae ut natus harum. Vel ut inventore voluptatem voluptatibus deserunt exercitationem consequatur. Ut molestiae non minus quis.','2003-09-27 01:54:32'),(73,73,73,'Ipsa animi cupiditate aut iusto officiis similique. Blanditiis perferendis eligendi esse dolores officiis suscipit.','2001-04-27 01:02:29'),(74,74,74,'Cum ut deleniti consectetur autem culpa. Aut maiores similique ut illum deserunt cupiditate aperiam. Dicta minima repellat esse doloribus cum. Dignissimos animi iusto consequuntur voluptas et autem.','2001-02-10 22:23:41'),(75,75,75,'Nisi non vitae qui nobis nihil. Adipisci autem quis voluptates aperiam. Ut laudantium voluptatem veniam nulla.','2014-03-04 08:44:10'),(76,76,76,'Autem omnis nihil ut facere repellat. Qui commodi cumque ipsa qui voluptatibus nobis consectetur. Enim quod temporibus est facere ut omnis.','1985-09-20 15:16:32'),(77,77,77,'Voluptas qui molestiae ad consectetur necessitatibus minima corporis. Beatae cupiditate eius quia et soluta sint consequatur. Eum et enim architecto.','1995-10-06 02:46:11'),(78,78,78,'Et quod cupiditate voluptatem occaecati. Nesciunt sapiente deleniti tempora repudiandae sed assumenda quas. Laudantium ut ratione quo rerum qui et aperiam.','1999-12-12 12:52:13'),(79,79,79,'Omnis et rerum aspernatur neque consectetur aliquam. Nisi quos omnis sit dolorem voluptas. Quidem quaerat officiis officia asperiores non.','2003-08-08 01:04:04'),(80,80,80,'Voluptatem eaque quia eos quisquam et. Adipisci qui molestias quod rerum ad recusandae.','1987-03-19 02:43:34'),(81,81,81,'Ipsam quae vitae sit voluptatem. Aut repellat nemo est eos eos. Harum eum tenetur molestias rerum pariatur est iste.','1992-06-23 17:35:16'),(82,82,82,'Nisi et quis corrupti quod. Mollitia ea dolorem enim voluptatem officiis. In corporis ut modi fuga modi.','2000-06-20 23:51:24'),(83,83,83,'Neque dolores omnis occaecati voluptatem. Ut quis sit eos harum. Sed rem ex inventore necessitatibus dicta blanditiis eligendi. Aut saepe ad et ullam rerum velit earum iste.','1971-01-18 05:18:37'),(84,84,84,'Natus enim accusantium in perferendis. Est autem rem voluptas qui voluptatem error sunt possimus. Ducimus minus iusto quasi repudiandae voluptatibus doloremque. Fuga earum ut neque ad enim maiores.','2017-09-13 19:45:28'),(85,85,85,'Ut dolores error assumenda dolorum odit impedit. Quasi molestiae aut ad aut quis. Dolorum amet quo incidunt in nihil.','1991-12-30 07:36:33'),(86,86,86,'Qui consequuntur distinctio quam eum vel est. Facilis qui debitis blanditiis. Explicabo a beatae deleniti aperiam. Quia temporibus ducimus ad et perferendis voluptatibus.','1988-09-27 00:24:11'),(87,87,87,'Autem assumenda quis quo consequatur odio eum. Maxime ducimus aut aliquam aliquid eos ducimus. Optio a repudiandae omnis officiis doloremque voluptates et.','2015-03-25 13:01:57'),(88,88,88,'Qui consectetur minima et nesciunt et suscipit. Eos dolorum facere vel esse dolorum. Consequuntur esse quo voluptatem explicabo. Ut nulla aut tempore neque quidem perferendis est.','1993-06-02 18:19:48'),(89,89,89,'Ea ut quia quia sed dicta recusandae ducimus. Nulla tempora perferendis incidunt eos distinctio nulla ea.','2011-09-25 15:49:38'),(90,90,90,'Nemo sed eum beatae ullam magnam culpa. Aliquid nostrum est sit aut earum et et. Vero nostrum voluptas molestiae occaecati ea nisi eum.','2015-10-04 23:33:39'),(91,91,91,'Ipsam atque repellendus iure quod adipisci. Quia et accusamus ullam. Quam facilis eum rerum aliquid rerum fugit mollitia.','2005-01-17 06:36:34'),(92,92,92,'Tempora rem eligendi et tempore esse tempore voluptate officiis. Cum a fugiat inventore vel est doloremque expedita. Et vitae perferendis eos.','2018-06-22 10:36:11'),(93,93,93,'Quam tempore aspernatur commodi maiores in nesciunt ad. Et dolor reiciendis est. Vel quia unde sapiente aut.','1979-10-27 14:16:47'),(94,94,94,'Velit et dolorem nihil et ipsam tenetur. Minima voluptas vero voluptates provident nemo sint. Et labore impedit quaerat qui.','1992-05-29 18:10:02'),(95,95,95,'Asperiores molestiae soluta aperiam doloremque suscipit doloremque sunt numquam. Tempora ad modi ut nobis qui. Qui sed explicabo porro accusamus voluptatibus optio dolorem non.','2012-06-21 20:32:23'),(96,96,96,'Ut voluptatibus iure quisquam distinctio quia illum. Qui quia culpa ipsam voluptas aut maxime. Tenetur et laboriosam expedita ut non.','1979-03-22 01:46:57'),(97,97,97,'Et optio expedita quisquam ut aperiam. Aperiam esse quia fugiat sit quod deserunt.','1993-07-12 14:03:14'),(98,98,98,'Reiciendis quod rem dolorem a debitis odio optio. Est repellendus deleniti corporis laboriosam. Occaecati molestiae sed voluptas. Natus recusandae nihil modi sunt ipsa qui. Fugit expedita autem dolorem voluptatem sequi omnis.','2000-09-06 02:09:26'),(99,99,99,'Est fuga ratione magni. Repudiandae repellendus omnis quia aspernatur. Sunt error natus voluptatem.','2015-03-13 15:36:40'),(100,100,100,'Odit similique nam quos dolores dolorem. Voluptas provident et occaecati quisquam. Quia laboriosam ipsa molestias sequi labore explicabo eligendi velit. In repudiandae soluta et nam atque autem.','2019-06-05 21:43:13');
/*!40000 ALTER TABLE `messages` ENABLE KEYS */;
UNLOCK TABLES;

--
-- Table structure for table `photo_albums`
--

DROP TABLE IF EXISTS `photo_albums`;
/*!40101 SET @saved_cs_client     = @@character_set_client */;
/*!40101 SET character_set_client = utf8 */;
CREATE TABLE `photo_albums` (
  `id` bigint(20) unsigned NOT NULL AUTO_INCREMENT,
  `name` varchar(255) COLLATE utf8mb4_unicode_ci DEFAULT NULL,
  `user_id` bigint(20) unsigned DEFAULT NULL,
  PRIMARY KEY (`id`),
  UNIQUE KEY `id` (`id`),
  KEY `user_id` (`user_id`),
  CONSTRAINT `photo_albums_ibfk_1` FOREIGN KEY (`user_id`) REFERENCES `users` (`id`)
) ENGINE=InnoDB AUTO_INCREMENT=101 DEFAULT CHARSET=utf8mb4 COLLATE=utf8mb4_unicode_ci;
/*!40101 SET character_set_client = @saved_cs_client */;

--
-- Dumping data for table `photo_albums`
--

LOCK TABLES `photo_albums` WRITE;
/*!40000 ALTER TABLE `photo_albums` DISABLE KEYS */;
INSERT INTO `photo_albums` VALUES (1,'facilis',1),(2,'exercitationem',2),(3,'est',3),(4,'dicta',4),(5,'autem',5),(6,'ullam',6),(7,'enim',7),(8,'et',8),(9,'vitae',9),(10,'ratione',10),(11,'omnis',11),(12,'dolores',12),(13,'non',13),(14,'corporis',14),(15,'nihil',15),(16,'est',16),(17,'expedita',17),(18,'esse',18),(19,'quo',19),(20,'sed',20),(21,'quia',21),(22,'porro',22),(23,'esse',23),(24,'aliquid',24),(25,'eum',25),(26,'saepe',26),(27,'quisquam',27),(28,'aut',28),(29,'voluptatem',29),(30,'voluptas',30),(31,'et',31),(32,'eligendi',32),(33,'molestiae',33),(34,'nemo',34),(35,'at',35),(36,'atque',36),(37,'voluptatem',37),(38,'voluptatum',38),(39,'laudantium',39),(40,'soluta',40),(41,'suscipit',41),(42,'amet',42),(43,'molestiae',43),(44,'illum',44),(45,'vitae',45),(46,'est',46),(47,'et',47),(48,'nulla',48),(49,'odio',49),(50,'cumque',50),(51,'et',51),(52,'sit',52),(53,'beatae',53),(54,'et',54),(55,'amet',55),(56,'suscipit',56),(57,'sit',57),(58,'voluptatum',58),(59,'consequuntur',59),(60,'et',60),(61,'totam',61),(62,'repudiandae',62),(63,'accusamus',63),(64,'quod',64),(65,'quas',65),(66,'et',66),(67,'sit',67),(68,'sit',68),(69,'aspernatur',69),(70,'consequatur',70),(71,'omnis',71),(72,'totam',72),(73,'saepe',73),(74,'voluptatem',74),(75,'earum',75),(76,'error',76),(77,'rerum',77),(78,'doloremque',78),(79,'dolor',79),(80,'suscipit',80),(81,'ratione',81),(82,'eveniet',82),(83,'aut',83),(84,'et',84),(85,'odit',85),(86,'suscipit',86),(87,'quia',87),(88,'voluptatum',88),(89,'culpa',89),(90,'est',90),(91,'dolore',91),(92,'voluptatibus',92),(93,'provident',93),(94,'est',94),(95,'natus',95),(96,'velit',96),(97,'sint',97),(98,'at',98),(99,'nostrum',99),(100,'ducimus',100);
/*!40000 ALTER TABLE `photo_albums` ENABLE KEYS */;
UNLOCK TABLES;

--
-- Table structure for table `photos`
--

DROP TABLE IF EXISTS `photos`;
/*!40101 SET @saved_cs_client     = @@character_set_client */;
/*!40101 SET character_set_client = utf8 */;
CREATE TABLE `photos` (
  `id` bigint(20) unsigned NOT NULL AUTO_INCREMENT,
  `album_id` bigint(20) unsigned DEFAULT NULL,
  `media_id` bigint(20) unsigned NOT NULL,
  UNIQUE KEY `id` (`id`),
  KEY `album_id` (`album_id`),
  KEY `media_id` (`media_id`),
  CONSTRAINT `photos_ibfk_1` FOREIGN KEY (`album_id`) REFERENCES `photo_albums` (`id`),
  CONSTRAINT `photos_ibfk_2` FOREIGN KEY (`media_id`) REFERENCES `media` (`id`)
) ENGINE=InnoDB AUTO_INCREMENT=101 DEFAULT CHARSET=utf8mb4 COLLATE=utf8mb4_unicode_ci;
/*!40101 SET character_set_client = @saved_cs_client */;

--
-- Dumping data for table `photos`
--

LOCK TABLES `photos` WRITE;
/*!40000 ALTER TABLE `photos` DISABLE KEYS */;
INSERT INTO `photos` VALUES (1,1,1),(2,2,2),(3,3,3),(4,4,4),(5,5,5),(6,6,6),(7,7,7),(8,8,8),(9,9,9),(10,10,10),(11,11,11),(12,12,12),(13,13,13),(14,14,14),(15,15,15),(16,16,16),(17,17,17),(18,18,18),(19,19,19),(20,20,20),(21,21,21),(22,22,22),(23,23,23),(24,24,24),(25,25,25),(26,26,26),(27,27,27),(28,28,28),(29,29,29),(30,30,30),(31,31,31),(32,32,32),(33,33,33),(34,34,34),(35,35,35),(36,36,36),(37,37,37),(38,38,38),(39,39,39),(40,40,40),(41,41,41),(42,42,42),(43,43,43),(44,44,44),(45,45,45),(46,46,46),(47,47,47),(48,48,48),(49,49,49),(50,50,50),(51,51,51),(52,52,52),(53,53,53),(54,54,54),(55,55,55),(56,56,56),(57,57,57),(58,58,58),(59,59,59),(60,60,60),(61,61,61),(62,62,62),(63,63,63),(64,64,64),(65,65,65),(66,66,66),(67,67,67),(68,68,68),(69,69,69),(70,70,70),(71,71,71),(72,72,72),(73,73,73),(74,74,74),(75,75,75),(76,76,76),(77,77,77),(78,78,78),(79,79,79),(80,80,80),(81,81,81),(82,82,82),(83,83,83),(84,84,84),(85,85,85),(86,86,86),(87,87,87),(88,88,88),(89,89,89),(90,90,90),(91,91,91),(92,92,92),(93,93,93),(94,94,94),(95,95,95),(96,96,96),(97,97,97),(98,98,98),(99,99,99),(100,100,100);
/*!40000 ALTER TABLE `photos` ENABLE KEYS */;
UNLOCK TABLES;

--
-- Table structure for table `profiles`
--

DROP TABLE IF EXISTS `profiles`;
/*!40101 SET @saved_cs_client     = @@character_set_client */;
/*!40101 SET character_set_client = utf8 */;
CREATE TABLE `profiles` (
  `user_id` bigint(20) unsigned NOT NULL,
  `gender` char(1) COLLATE utf8mb4_unicode_ci DEFAULT NULL,
  `birthday` date DEFAULT NULL,
  `photo_id` bigint(20) unsigned DEFAULT NULL,
  `created_at` datetime DEFAULT current_timestamp(),
  `hometown` varchar(100) COLLATE utf8mb4_unicode_ci DEFAULT NULL,
  UNIQUE KEY `user_id` (`user_id`),
  CONSTRAINT `fk_user_id` FOREIGN KEY (`user_id`) REFERENCES `users` (`id`) ON DELETE NO ACTION ON UPDATE CASCADE
) ENGINE=InnoDB DEFAULT CHARSET=utf8mb4 COLLATE=utf8mb4_unicode_ci;
/*!40101 SET character_set_client = @saved_cs_client */;

--
-- Dumping data for table `profiles`
--

LOCK TABLES `profiles` WRITE;
/*!40000 ALTER TABLE `profiles` DISABLE KEYS */;
INSERT INTO `profiles` VALUES (1,NULL,'2005-04-04',1,'2018-02-27 11:18:42',NULL),(2,NULL,'2006-04-16',2,'1980-10-17 12:19:21',NULL),(3,NULL,'2002-01-14',3,'1978-09-27 19:33:55',NULL),(4,NULL,'1977-09-27',4,'2001-02-01 22:31:16',NULL),(5,NULL,'1970-01-30',5,'1992-11-16 20:20:11',NULL),(6,NULL,'2020-08-11',6,'2000-07-11 06:23:26',NULL),(7,NULL,'2011-12-18',7,'1996-06-27 23:00:48',NULL),(8,NULL,'1977-01-18',8,'1972-01-29 14:48:34',NULL),(9,NULL,'1993-07-14',9,'1979-01-03 13:03:12',NULL),(10,NULL,'1989-10-05',10,'2015-12-07 13:39:55',NULL),(11,NULL,'2014-12-10',11,'1990-11-12 14:19:04',NULL),(12,NULL,'1970-02-27',12,'2007-10-29 10:44:57',NULL),(13,NULL,'1999-09-25',13,'1988-12-30 13:12:27',NULL),(14,NULL,'1982-08-23',14,'2016-02-28 15:46:01',NULL),(15,NULL,'1998-02-27',15,'2000-02-07 17:57:53',NULL),(16,NULL,'1978-06-13',16,'2011-08-13 13:49:36',NULL),(17,NULL,'1971-01-07',17,'1983-06-01 20:42:42',NULL),(18,NULL,'2020-11-08',18,'1977-06-27 12:23:34',NULL),(19,NULL,'2010-08-13',19,'2003-05-12 17:31:47',NULL),(20,NULL,'2010-11-22',20,'1996-04-26 05:42:01',NULL),(21,NULL,'2006-08-15',21,'2001-03-13 15:31:25',NULL),(22,NULL,'1981-06-11',22,'2019-09-12 06:40:45',NULL),(23,NULL,'2016-10-24',23,'2002-01-26 02:39:05',NULL),(24,NULL,'2005-07-23',24,'1995-09-20 12:58:45',NULL),(25,NULL,'1987-03-03',25,'2001-08-05 10:12:42',NULL),(26,NULL,'2009-07-13',26,'1976-06-08 18:27:56',NULL),(27,NULL,'2019-03-11',27,'1992-10-15 16:36:30',NULL),(28,NULL,'2006-11-04',28,'1977-09-02 17:35:42',NULL),(29,NULL,'2017-10-21',29,'2009-11-09 23:37:07',NULL),(30,NULL,'2016-02-22',30,'1990-04-25 07:26:24',NULL),(31,NULL,'2019-10-01',31,'1976-04-24 21:16:20',NULL),(32,NULL,'1999-09-18',32,'1970-07-29 15:41:28',NULL),(33,NULL,'1984-12-11',33,'1972-12-05 00:07:19',NULL),(34,NULL,'1992-02-12',34,'1979-06-06 09:29:10',NULL),(35,NULL,'2016-01-12',35,'1996-11-18 20:55:57',NULL),(36,NULL,'2012-03-31',36,'2003-03-10 13:18:29',NULL),(37,NULL,'2004-05-02',37,'1994-02-23 15:38:39',NULL),(38,NULL,'1998-09-01',38,'2007-12-28 11:32:21',NULL),(39,NULL,'1970-10-27',39,'2004-12-30 12:17:01',NULL),(40,NULL,'1994-12-19',40,'1986-06-04 16:22:22',NULL),(41,NULL,'1996-09-12',41,'1974-02-04 15:17:15',NULL),(42,NULL,'1996-08-07',42,'1986-12-24 22:06:46',NULL),(43,NULL,'2011-12-08',43,'1980-10-03 12:13:22',NULL),(44,NULL,'2016-05-09',44,'1990-02-05 18:59:06',NULL),(45,NULL,'1976-12-13',45,'2014-06-16 23:14:09',NULL),(46,NULL,'1979-01-22',46,'2018-09-05 06:59:00',NULL),(47,NULL,'1983-05-17',47,'2020-11-03 04:56:04',NULL),(48,NULL,'1982-06-07',48,'1981-01-06 08:37:51',NULL),(49,NULL,'1973-10-15',49,'1975-03-27 12:13:00',NULL),(50,NULL,'1993-12-14',50,'1992-07-28 08:56:15',NULL),(51,NULL,'1986-07-13',51,'1984-07-21 03:44:35',NULL),(52,NULL,'2012-10-27',52,'1987-11-21 07:53:52',NULL),(53,NULL,'2009-06-03',53,'1974-01-11 20:17:16',NULL),(54,NULL,'1983-05-14',54,'1997-12-06 19:37:40',NULL),(55,NULL,'2009-11-18',55,'2012-01-18 10:48:31',NULL),(56,NULL,'2007-08-09',56,'1994-10-09 00:05:35',NULL),(57,NULL,'1997-11-12',57,'1973-08-18 17:24:55',NULL),(58,NULL,'1972-11-02',58,'1972-11-05 15:36:36',NULL),(59,NULL,'1993-05-22',59,'1985-05-01 02:12:18',NULL),(60,NULL,'2007-03-26',60,'1990-11-02 21:12:28',NULL),(61,NULL,'1994-03-22',61,'2010-06-21 09:00:45',NULL),(62,NULL,'2019-11-15',62,'1989-04-24 22:28:45',NULL),(63,NULL,'2002-04-28',63,'1985-01-25 14:02:43',NULL),(64,NULL,'1995-06-05',64,'1989-06-19 21:42:46',NULL),(65,NULL,'2006-05-11',65,'1989-01-07 19:04:40',NULL),(66,NULL,'1974-04-01',66,'1991-06-14 18:21:23',NULL),(67,NULL,'1993-04-25',67,'1980-03-31 16:28:23',NULL),(68,NULL,'1995-08-25',68,'2015-03-17 08:28:12',NULL),(69,NULL,'2015-12-25',69,'1990-04-01 23:27:54',NULL),(70,NULL,'1987-10-26',70,'2006-12-03 16:10:05',NULL),(71,NULL,'1989-12-02',71,'1981-08-09 09:52:39',NULL),(72,NULL,'2001-06-21',72,'1991-03-29 17:48:45',NULL),(73,NULL,'1998-10-20',73,'1977-04-26 20:07:39',NULL),(74,NULL,'1978-07-04',74,'1989-07-27 17:15:56',NULL),(75,NULL,'2011-01-07',75,'1994-08-01 06:10:46',NULL),(76,NULL,'1979-10-15',76,'2014-06-21 10:23:44',NULL),(77,NULL,'2002-02-28',77,'1991-06-01 07:36:36',NULL),(78,NULL,'1985-10-08',78,'1986-02-28 01:50:31',NULL),(79,NULL,'1979-10-14',79,'1995-12-07 01:53:14',NULL),(80,NULL,'2017-11-13',80,'1987-05-14 14:44:36',NULL),(81,NULL,'2017-10-02',81,'2002-07-27 03:28:26',NULL),(82,NULL,'1970-09-27',82,'2019-11-29 20:45:22',NULL),(83,NULL,'2012-04-09',83,'1976-11-27 11:53:40',NULL),(84,NULL,'1996-02-05',84,'2018-03-25 02:15:23',NULL),(85,NULL,'1984-04-24',85,'2005-10-20 00:06:04',NULL),(86,NULL,'1973-10-16',86,'2020-09-26 00:43:45',NULL),(87,NULL,'1995-02-17',87,'2020-03-21 02:28:26',NULL),(88,NULL,'1991-02-26',88,'2017-08-16 21:35:59',NULL),(89,NULL,'1979-01-03',89,'2009-09-06 18:37:32',NULL),(90,NULL,'2012-08-18',90,'2006-07-27 19:36:40',NULL),(91,NULL,'1995-05-06',91,'2011-03-24 04:58:55',NULL),(92,NULL,'1973-01-26',92,'1985-01-08 19:44:19',NULL),(93,NULL,'2014-11-23',93,'2017-12-30 03:58:49',NULL),(94,NULL,'1994-06-19',94,'1972-04-24 06:38:34',NULL),(95,NULL,'1988-05-15',95,'1977-05-21 14:09:24',NULL),(96,NULL,'1979-08-29',96,'1970-10-23 17:38:37',NULL),(97,NULL,'1988-05-09',97,'1978-04-08 20:15:36',NULL),(98,NULL,'1998-03-11',98,'2016-03-21 04:13:24',NULL),(99,NULL,'2000-05-31',99,'1993-09-30 07:15:11',NULL),(100,NULL,'1994-05-26',100,'2014-06-18 02:48:18',NULL);
/*!40000 ALTER TABLE `profiles` ENABLE KEYS */;
UNLOCK TABLES;

--
-- Table structure for table `users`
--

DROP TABLE IF EXISTS `users`;
/*!40101 SET @saved_cs_client     = @@character_set_client */;
/*!40101 SET character_set_client = utf8 */;
CREATE TABLE `users` (
  `id` bigint(20) unsigned NOT NULL AUTO_INCREMENT,
  `firstname` varchar(50) COLLATE utf8mb4_unicode_ci DEFAULT NULL,
  `lastname` varchar(50) COLLATE utf8mb4_unicode_ci DEFAULT NULL COMMENT '',
  `email` varchar(120) COLLATE utf8mb4_unicode_ci DEFAULT NULL,
  `password_hash` varchar(100) COLLATE utf8mb4_unicode_ci DEFAULT NULL,
  `phone` bigint(20) unsigned DEFAULT NULL,
  PRIMARY KEY (`id`),
  UNIQUE KEY `email` (`email`),
  UNIQUE KEY `phone` (`phone`),
  KEY `users_firstname_lastname_idx` (`firstname`,`lastname`)
) ENGINE=InnoDB AUTO_INCREMENT=101 DEFAULT CHARSET=utf8mb4 COLLATE=utf8mb4_unicode_ci COMMENT='';
/*!40101 SET character_set_client = @saved_cs_client */;

--
-- Dumping data for table `users`
--

LOCK TABLES `users` WRITE;
/*!40000 ALTER TABLE `users` DISABLE KEYS */;
INSERT INTO `users` VALUES (1,'Zora','Satterfield','daniel.jaylan@example.net','f1fe1a5585e2c67fe96fc988083d1c9054738596',89542968973),(2,'Jeff','Cassin','jared57@example.org','49ad440c1df1148337de2bcc8dc14a5977eaf88e',89312008531),(3,'Angelica','Gorczany','rita09@example.com','a1354245ca0505c87a2171b95e57894172e4a489',89355576960),(4,'Dereck','Doyle','missouri.schumm@example.com','c44fd83cb83129a869e9cab4b224a7b8d79b904d',89567564917),(5,'Fay','Batz','russel.dickinson@example.org','c6b0ee659db65c8d2146bef80dbc7efd5f38fad8',89545726797),(6,'Eleanore','Jaskolski','obarrows@example.com','41ec5c0a4fcb6c9dd0ff7cca113dbab3ec93e38b',89795586020),(7,'Russell','Ebert','medhurst.herminia@example.org','0e2b39056cc9ecf8c9297f5559c404f799904ab4',89049802071),(8,'Pinkie','Koelpin','schuster.manley@example.net','543537eb4b35ea4de221a5a1d237c637012440a1',89861153042),(9,'Nikki','Heller','julio.wiegand@example.net','5766e4a5ee294e65b6e98c972200afa535dc0c37',89089715634),(10,'Shanon','Greenholt','cassie08@example.com','4c3523b354e33cb5d632bab248718531f001e5cf',89316928991),(11,'Nannie','Dibbert','ckuhic@example.org','3e8c568f542e5fd3517742c3175b69526d091a02',89487570764),(12,'Veronica','O\'Reilly','solon22@example.org','eed463389545e7d35bafd77f81ed0b507fb87100',89631931048),(13,'Rick','Tremblay','neffertz@example.com','38b62ed1b0e61f23029377814745db41c834c79d',89449047209),(14,'Steve','Hammes','omorar@example.org','4c10e60d6e593e3d349fc17feb89016f04c0a618',89728434874),(15,'Winona','Kub','waelchi.ashleigh@example.com','83b9221b973ff5dae3db67db86c670a2d3e67044',89754666637),(16,'Bernadine','Goyette','nelle54@example.net','5648ca93a8b0acc305b7fa25da7bf659f18830b0',89638623966),(17,'Henri','Kuphal','cassandra.batz@example.net','6d965f8b34465f998f431e0ab623667124926c25',89799512913),(18,'Thalia','Bashirian','kari44@example.com','01191ab4e46c1981b3f8e97eec00ab0039803be7',89158283866),(19,'Syble','Jenkins','destin.mayer@example.org','eaeefc1ca133c7d64bcede5aa10aaf89629a289e',89420026699),(20,'Harvey','Braun','ocole@example.org','6b4ea2967794b3f593d1333d2fd17ab69ea538ac',89267101189),(21,'Javon','Jones','jovany.hegmann@example.net','466e3580ab88adaeec06c2ce95e5a8e8313775ea',89267245615),(22,'Haylie','Lakin','nlind@example.com','9f44657908c47f7a2fe8c41d82879e0afabaebee',89601628690),(23,'Dan','Runolfsson','xgleason@example.net','834b12cca7f2d72385aba40a743dafea5c5476a8',89178665848),(24,'Breanne','Beier','winfield.predovic@example.org','4fb450dd69a63ec6716a03c405910d7f1f56352f',89509464551),(25,'Torrance','Okuneva','susan.blanda@example.org','914afe4d4bf3ebb8c876fec2c9325a2220285b53',89908371711),(26,'Tara','Beer','broderick14@example.com','8164c07ddd9b7ebdefa8cd9f8f30e6c55fd1fd8e',89141244371),(27,'Reese','Marquardt','wendy90@example.com','94c8eaa2a24951218bee350d826431d305277920',89828841241),(28,'Dorris','Leffler','tavares53@example.net','29eb6760e83893680a2b6f3a5a0b793f9b0b3b42',89131223262),(29,'Ronny','Collins','kaela72@example.com','4fcaf897506ece3ff20da6fa402066043f843378',89668485636),(30,'Maverick','Schroeder','kiehn.angeline@example.com','a3d4d4b73ee2c9a2c8abc4b14c244c548ef9116b',89378093297),(31,'Garrison','Christiansen','vweimann@example.net','f049f28292dada2b2959a723a26b79abbcf4cb1a',89871079795),(32,'Olaf','Doyle','pcummings@example.net','0ab905f555312263525c4abb3f4e9e61b40201c8',89001747261),(33,'Myrna','Thiel','nprice@example.com','714661b4b08ea400de9bf424e31ed89dfa6e6c96',89338298080),(34,'Crystel','Nicolas','lcremin@example.com','9aec4036ec4771a9861d44e598cd616e38e504ef',89115543079),(35,'Yasmeen','Kerluke','elyse.jerde@example.com','1d3821bbcd64ba8829f2b71cfa4e915b57baf4ba',89007052375),(36,'Adalberto','Bogan','benton53@example.org','079c75459d894aec91ac113d89b45dfa26f826be',89023024856),(37,'Eryn','Kub','mstehr@example.org','d0bcc7d29d625b25caabcf4f1216920079e8034e',89212907143),(38,'Herman','Haley','kiehn.rosanna@example.com','9c5da051b77f2880673f543588dabcea94245372',89711099655),(39,'Nelson','Erdman','zelma10@example.org','32222c8a4231cb364afbb4e2d9988a59a9aa642e',89639809614),(40,'Myron','Metz','roslyn49@example.org','7422f77615e8abd1aebb07129b03192e78c5b6a3',89182344261),(41,'Theresia','Torp','chloe79@example.com','beeeba32144e14e0867520888742dabab439b940',89787415255),(42,'Harley','Wintheiser','gulgowski.vince@example.org','e62b57cd863781ac36e0e246836a65fb594715c2',89093571365),(43,'Alisa','Bayer','ucorwin@example.net','688aea5f025fcb545e02a5992d9e0c05a10f5065',89817559977),(44,'Danika','Rolfson','camila72@example.org','550e69d3208df9287c131d98a5195c51cde877ae',89630261335),(45,'Jaime','Kessler','waelchi.gina@example.net','d5df87fe42c6957b863711d0b5d48542d9ad52b8',89536413235),(46,'Nat','Christiansen','lebsack.alvera@example.com','b8ff83826481eec0b5b6e4e12e5c5e0f3f1d1e21',89090657416),(47,'Verner','Simonis','mekhi60@example.com','215e65a500258934212899bcdd4c89f7d92bc5b5',89928284260),(48,'Amparo','Bednar','favian.dicki@example.org','8ecc934337f6c718239f75df8cbc30c6c8a88ee2',89636716044),(49,'Camryn','Pouros','armand.borer@example.org','39e1d0a9c49edd51abf93cbd83c2949b0e9c4adc',89543575174),(50,'Blaise','Legros','gardner65@example.net','72fd3d0a2d53b60b3099ede9a2e7c7c2afa031af',89503906482),(51,'Lera','Grady','andres.streich@example.net','64f614e2906c0cebfa8e4ce4176481c657e853a7',89390306209),(52,'Coy','McClure','yfeeney@example.org','07a5d79154f3d8629719b94685dd925cb93dc712',89576077473),(53,'Amira','Boyle','clueilwitz@example.net','13dc32748dab0eb7c6b11c414071e88a714c9d8e',89437525993),(54,'Euna','Donnelly','calista.daniel@example.com','78f6e0615b09e95de04c41a8ca9931b03178bcb4',89184754162),(55,'Jaida','Gaylord','travis.emard@example.com','877e0865263f716fb414c2cb76b4f2203b805ead',89510763471),(56,'Savanna','Rath','rita.runte@example.com','cebec603976e9771b20145b6563b816f663931e7',89203085327),(57,'Arielle','Ryan','augustine30@example.com','914b43a3f063c16882c30dc940a09965c825799a',89169917252),(58,'Ima','Bosco','ebert.darien@example.net','49a64dfadf3e84b0a42e82ae50306df1d92d421d',89914556071),(59,'Cheyanne','Johnston','rudy62@example.org','256d3c70d46ada99fdb8e66eaa75d3baeae09f24',89343731129),(60,'Zoe','Tromp','muller.pete@example.org','a6963bddf4141661d18796d652cd59fa2c0f0f97',89691936705),(61,'Sandra','McKenzie','gene.ruecker@example.net','8480d4de93b6414772cf9b1e29c3297c64354138',89032560802),(62,'Jacklyn','Collier','torrey36@example.org','a751a9f9d497f39505a57e43120d3b62e0c3ad5a',89363207026),(63,'Euna','Becker','rubie83@example.com','62cef0eb2d8301d950cc17ee7f2a81ba98361280',89808757024),(64,'Alexandrea','Vandervort','emmie99@example.net','9346267aa3597b09208b01f526af68bc13e834a1',89103844016),(65,'Kayden','Will','dax.barrows@example.org','1967ddaa31300665ecb93183f10e7f8fc74ec475',89921409207),(66,'Brandon','Bergnaum','watson.green@example.org','49660c0a0079e809cac925d2a1bd4468e15425cc',89890338358),(67,'Jazlyn','Beahan','marquardt.imani@example.net','a391e8f5d2bf490fdec65bf4295687ab8de6c075',89095288182),(68,'Shaun','Herzog','mjerde@example.org','828a864df2cc6dcf7ca9c0f6cc733790f85393ea',89458644824),(69,'Herminio','Zieme','shany.reynolds@example.net','36737d2f28e557905a096f51a8bdbd7d46156028',89244708385),(70,'Billie','Hayes','qhansen@example.com','20d26860a1d8a9244402446cc7b3bc726aa906a8',89303996932),(71,'Constance','Bosco','qtorp@example.net','ed26f9aec6af10ac0a2e47163a1c2855baafa60a',89695078372),(72,'Katlyn','Hoppe','dubuque.elena@example.net','f59c0fe8ac6dcd5205164a8f47a00e7e9a495af5',89076977232),(73,'Janice','Lang','white.joshuah@example.org','8c49df8179d9f146e75103636f60b6d12852d271',89875600327),(74,'Elyse','Herman','morar.berenice@example.org','d0e8ac1319c00056006a212169beacb5c6a66d01',89655992834),(75,'Foster','Bauch','trantow.beryl@example.net','b39ad79fa0406d74effa620d54db029f960bd313',89965159603),(76,'Berenice','Greenfelder','lola26@example.org','d76d29858b4b2490bfb7e93817f06c2b208cf8a5',89929201692),(77,'Lillie','Christiansen','savannah87@example.net','e2d48245a748b33ec4bddb0e41b37a98306520bf',89253539128),(78,'Maynard','Braun','alexandre22@example.com','36f1e35548be2190c6a6b4195393fd0a3c1dbf98',89044218411),(79,'Gust','Maggio','ld\'amore@example.org','4c013b2c101fb642789c6eb9a14b191c00a47ed4',89271700842),(80,'Raleigh','Collier','vesta92@example.org','4997820a83799f5785a6d477565d4bc72dfa4181',89643544886),(81,'Rick','Corwin','istark@example.org','e8fa437069cd1b2c038662e470e900b69443f2b5',89526271227),(82,'Shanna','Blanda','farrell.emilia@example.org','da1b4cf87d1fa1da1706fbf8bc10d31457ef781f',89402012061),(83,'Hermann','Collier','vauer@example.net','44cd1b97f62b2c0be606f5f3c013a9b50f53fef0',89337414340),(84,'Janie','Stracke','xturcotte@example.org','f725e627dde206a896d7fcc948951b5ff70dff45',89938249175),(85,'Israel','Hermiston','barton.hobart@example.net','4e9775b6e0ce45ed5fa14f0a7b2d3010c06cf8fc',89837105862),(86,'Alberta','Hane','anderson.lisa@example.org','cb4f9051a6ae4d5056a606d6a2af5cc51e54919f',89089644486),(87,'Nyah','Lubowitz','eleanora03@example.org','1d0257abbec6b1b578b4e8c97b904c4bd71d51f8',89015076774),(88,'Lilla','Mayer','liana62@example.com','fde233bd72dc39cc77614e7aa7e4a47f828ec7fc',89999119468),(89,'Tatum','Cole','jdavis@example.org','a6afe48f3054f6a95dde67f6d4c2e046b97cf42e',89298019567),(90,'Vito','Prohaska','madalyn.hermann@example.net','a14c1a53364cd0532988bba346127c31d651805d',89187803762),(91,'Rubye','Windler','wisozk.aiyana@example.net','8c071cbaab911728343aa2db96be8fbd16e3dc6b',89197955545),(92,'Evans','Kuhic','mgottlieb@example.org','a1c9da0496d48386bb6c197a7f1d6fab77e9dcbb',89384536243),(93,'Sadie','Conn','sauer.breanna@example.org','6a5bcc3cf81ba9b61f06db1032cc8452faa94767',89679297042),(94,'Brown','Hagenes','plesch@example.org','bc53a96ff566c8264c89a28da452624685200039',89521268864),(95,'Marisol','Walker','morissette.gianni@example.org','f5da162ca7ab56fb3dcb0566947d6c71843c491c',89392825631),(96,'Armand','Gislason','jamil98@example.org','cdef02646410a0d42033d7eb957efdbbc593720c',89047188074),(97,'Ramona','Wolf','pmcclure@example.com','6fdc3e8f99e54ab6c53d3007801e0a6c097b6525',89862070381),(98,'Fay','McClure','clementine.stoltenberg@example.com','1f7f0ee52a5269d89adc561ee03588e1ea722217',89094647261),(99,'Reynold','Hermann','audreanne39@example.net','ba5c4b672ad50fc1a248d03b9502146c92a5d2f5',89762364233),(100,'Jammie','Greenholt','hilll.tyrique@example.net','d9e755d22a5f7607b1e4024228ff33fe3b5f3947',89841815236);
/*!40000 ALTER TABLE `users` ENABLE KEYS */;
UNLOCK TABLES;

--
-- Table structure for table `users_communities`
--

DROP TABLE IF EXISTS `users_communities`;
/*!40101 SET @saved_cs_client     = @@character_set_client */;
/*!40101 SET character_set_client = utf8 */;
CREATE TABLE `users_communities` (
  `user_id` bigint(20) unsigned NOT NULL,
  `community_id` bigint(20) unsigned NOT NULL,
  PRIMARY KEY (`user_id`,`community_id`),
  KEY `community_id` (`community_id`),
  CONSTRAINT `users_communities_ibfk_1` FOREIGN KEY (`user_id`) REFERENCES `users` (`id`),
  CONSTRAINT `users_communities_ibfk_2` FOREIGN KEY (`community_id`) REFERENCES `communities` (`id`)
) ENGINE=InnoDB DEFAULT CHARSET=utf8mb4 COLLATE=utf8mb4_unicode_ci;
/*!40101 SET character_set_client = @saved_cs_client */;

--
-- Dumping data for table `users_communities`
--

LOCK TABLES `users_communities` WRITE;
/*!40000 ALTER TABLE `users_communities` DISABLE KEYS */;
INSERT INTO `users_communities` VALUES (1,1),(2,2),(3,3),(4,4),(5,5),(6,6),(7,7),(8,8),(9,9),(10,10),(11,11),(12,12),(13,13),(14,14),(15,15),(16,16),(17,17),(18,18),(19,19),(20,20),(21,21),(22,22),(23,23),(24,24),(25,25),(26,26),(27,27),(28,28),(29,29),(30,30),(31,31),(32,32),(33,33),(34,34),(35,35),(36,36),(37,37),(38,38),(39,39),(40,40),(41,41),(42,42),(43,43),(44,44),(45,45),(46,46),(47,47),(48,48),(49,49),(50,50),(51,51),(52,52),(53,53),(54,54),(55,55),(56,56),(57,57),(58,58),(59,59),(60,60),(61,61),(62,62),(63,63),(64,64),(65,65),(66,66),(67,67),(68,68),(69,69),(70,70),(71,71),(72,72),(73,73),(74,74),(75,75),(76,76),(77,77),(78,78),(79,79),(80,80),(81,81),(82,82),(83,83),(84,84),(85,85),(86,86),(87,87),(88,88),(89,89),(90,90),(91,91),(92,92),(93,93),(94,94),(95,95),(96,96),(97,97),(98,98),(99,99),(100,100);
/*!40000 ALTER TABLE `users_communities` ENABLE KEYS */;
UNLOCK TABLES;
/*!40103 SET TIME_ZONE=@OLD_TIME_ZONE */;

/*!40101 SET SQL_MODE=@OLD_SQL_MODE */;
/*!40014 SET FOREIGN_KEY_CHECKS=@OLD_FOREIGN_KEY_CHECKS */;
/*!40014 SET UNIQUE_CHECKS=@OLD_UNIQUE_CHECKS */;
/*!40101 SET CHARACTER_SET_CLIENT=@OLD_CHARACTER_SET_CLIENT */;
/*!40101 SET CHARACTER_SET_RESULTS=@OLD_CHARACTER_SET_RESULTS */;
/*!40101 SET COLLATION_CONNECTION=@OLD_COLLATION_CONNECTION */;
/*!40111 SET SQL_NOTES=@OLD_SQL_NOTES */;

-- Dump completed on 2021-03-07 19:12:14
